trade,id,kind,category,english,hebrew_draft,arabic_draft,hebrew_yours,arabic_yours,image_note
Electrical,el.cable.nyy.3x1_5,MATERIAL,cables,NYY cable 3×1.5 mm²,כבל NYY ‎3×1.5 ממ״ר,كابل NYY ‏3×1.5 ملم²,,,
Electrical,el.cable.nyy.3x2_5,MATERIAL,cables,NYY cable 3×2.5 mm²,כבל NYY ‎3×2.5 ממ״ר,كابل NYY ‏3×2.5 ملم²,,,
Electrical,el.cable.nyy.5x1_5,MATERIAL,cables,NYY cable 5×1.5 mm²,כבל NYY ‎5×1.5 ממ״ר,كابل NYY ‏5×1.5 ملم²,,,
Electrical,el.cable.nyy.5x4,MATERIAL,cables,NYY cable 5×4 mm²,כבל NYY ‎5×4 ממ״ר,كابل NYY ‏5×4 ملم²,,,
Electrical,el.cable.nyy.3x6,MATERIAL,cables,NYY cable 3×6 mm²,כבל NYY ‎3×6 ממ״ר,كابل NYY ‏3×6 ملم²,,,
Electrical,el.wire.h07vu.1_5,MATERIAL,wires,Single insulated wire 1.5 mm²,חוט מבודד חד־גידי 1.5 ממ״ר,سلك مفرد معزول 1.5 ملم²,,,
Electrical,el.conduit.flex.16,MATERIAL,conduit,Corrugated conduit 16 mm,צינור שרשורי 16 מ״מ,خرطوم مموج 16 ملم,,,
Electrical,el.conduit.flex.23,MATERIAL,conduit,Corrugated conduit 23 mm,צינור שרשורי 23 מ״מ,خرطوم مموج 23 ملم,,,
Electrical,el.conduit.rigid.pvc.25,MATERIAL,conduit,Rigid PVC conduit 25 mm,צינור PVC קשיח 25 מ״מ,أنبوب PVC صلب 25 ملم,,,
Electrical,el.trunking.pvc.20x10,MATERIAL,conduit,PVC trunking 20×10 mm,תעלת PVC ‎20×10 מ״מ,مجرى PVC ‏20×10 ملم,,,
Electrical,el.mcb.c16.1p,MATERIAL,protection,MCB 1P C16,מא״ז חד־פאזי C16,قاطع مصغّر أحادي C16,,,
Electrical,el.mcb.c25.3p,MATERIAL,protection,MCB 3P C25,מא״ז תלת־פאזי C25,قاطع مصغّر ثلاثي C25,,,
Electrical,el.rcd.40a.30ma,MATERIAL,protection,RCD 40 A / 30 mA,מפסק פחת 40 אמפר / 30 מ״א,قاطع تسرّب أرضي 40 أمبير / 30 مللي أمبير,,,
Electrical,el.board.din.12,MATERIAL,distribution-boards,"Distribution board, 12 modules",לוח חשמל 12 מקומות,لوحة توزيع 12 وحدة,,,
Electrical,el.board.din.24,MATERIAL,distribution-boards,"Distribution board, 24 modules",לוח חשמל 24 מקומות,لوحة توزيع 24 وحدة,,,
Electrical,el.socket.schuko,MATERIAL,accessories,"Socket outlet, earthed",שקע מוארק,مقبس مؤرّض,,,
Electrical,el.socket.ip44,MATERIAL,accessories,Weatherproof socket IP44,שקע מוגן מים IP44,مقبس مقاوم للماء IP44,,,
Electrical,el.switch.1way,MATERIAL,accessories,"Light switch, single",מפסק תאורה חד־קוטבי,مفتاح إنارة مفرد,,,
Electrical,el.switch.2way,MATERIAL,accessories,Two-way switch,מפסק מחליף,مفتاح مبادل,,,
Electrical,el.junction.box.round,MATERIAL,accessories,Round junction box,קופסת הסתעפות עגולה,علبة تفريعات دائرية,,,
Electrical,el.connector.leverlock,MATERIAL,accessories,Lever wire connector,מחבר מהיר עם ידית,وصلة أسلاك بذراع,,,
Electrical,el.earth.bar,MATERIAL,earthing,Earth busbar,פס הארקה,قضيب تأريض,,,
Electrical,el.tape.insulating,CONSUMABLE,consumables,Insulating tape,סרט בידוד,شريط عازل,,,
Electrical,el.tool.multimeter,TOOL,measuring,Multimeter,רב־מודד,مقياس متعدد (أفوميتر),,,
Electrical,el.tool.voltage_tester,TOOL,measuring,Two-pole voltage tester,בודק מתח דו־קוטבי,كاشف جهد ثنائي القطب,,,
Electrical,el.tool.insulation_tester,TOOL,measuring,Insulation resistance tester,בודק התנגדות בידוד (מגר),جهاز فحص مقاومة العزل (ميجر),,,
Electrical,el.tool.wire_stripper,TOOL,hand-tools,Wire stripper,קולפן חוטים,مقشّرة أسلاك,,,
Electrical,el.tool.side_cutter,TOOL,hand-tools,Side cutting pliers,צבת חיתוך,كماشة قطع جانبية,,,
Electrical,el.tool.fish_tape,TOOL,hand-tools,Draw wire / fish tape,חוט משיכה,سلك سحب,,,
Electrical,el.tool.hammer_drill,TOOL,power-tools,Hammer drill (SDS),פטישון SDS,مثقاب دقّاق SDS,,,
Electrical,el.tool.hole_saw.70,TOOL,power-tools,Hole saw 70 mm,מקדח כוס 70 מ״מ,منشار كؤوس 70 ملم,,,
Electrical,el.safety.gloves.1000v,SAFETY,ppe,Insulating gloves 1000 V,כפפות מבודדות 1000 וולט,قفازات عازلة 1000 فولت,,,
Electrical,el.safety.lockout_kit,SAFETY,ppe,Lockout / tagout kit,ערכת נעילה ותיוג,طقم إقفال ووسم,,,
Electrical,el.tool.breaker.sds_max,TOOL,power-tools,"Demolition hammer, SDS-max (kongo)",פטישון SDS-max,كونجو (شاكوش هدم) SDS-max,,,
Electrical,el.tool.rotary.sds_plus,TOOL,power-tools,"Rotary hammer drill, SDS-plus",מקדחת רוטרי SDS-plus,دريل باتشون (مطرقة دوّارة) SDS-plus,,,
Electrical,el.tool.wall.chaser,TOOL,power-tools,Wall chaser,מחרץ קירות,قطاعة تفنيص الجدران,,,
Electrical,el.tool.socket.tester,TOOL,measuring,Socket tester,בודק שקעים,فاحص أباريز,,,
Electrical,el.tool.socket.tester.rcd,TOOL,measuring,Socket tester with RCD trip test,בודק שקעים עם בדיקת ממסר פחת,فاحص أباريز مع فحص قاطع التسريب,,,
Electrical,el.tool.cable.tracer,TOOL,measuring,Cable tracer (tone generator and probe),גשש כבלים (מחולל צליל וגלאי),مزمار (مولّد نغمة ومجس),,,
Electrical,el.tool.clamp.meter,TOOL,measuring,Clamp meter,אמפרמטר מלקחיים,كلامب ميتر (أمبير),,,
Electrical,el.tool.voltage.pen,TOOL,measuring,Non-contact voltage pen,עט מתח ללא מגע,قلم كشف الفولت (بدون تلامس),,,
Electrical,el.tool.insulation.tester,TOOL,measuring,Insulation resistance tester (megger),בודק התנגדות בידוד (מגר),مقياس عزل (ميجر),,,
Electrical,el.tool.earth.tester,TOOL,measuring,Earth loop / earth resistance tester,בודק לולאת תקלה והתנגדות הארקה,فاحص مقاومة التأريض,,,
Electrical,el.tool.fish.tape,TOOL,hand-tools,Fish tape / draw wire,חוט משיכה,سلك سحب (شريط تمرير),,,
Electrical,el.tool.conduit.bender,TOOL,hand-tools,Conduit bending spring,קפיץ כיפוף לצינור,نابض ثني المواسير,,,
Electrical,el.tool.hole.saw,TOOL,power-tools,Box hole saw set (68 mm),מקדח כוס לקופסאות 68 מ״מ,منشار علب 68 ملم,,,
Electrical,el.tool.crimper.ferrule,TOOL,hand-tools,Ferrule crimping tool,מלחץ שרוולים,كماشة كبس أطراف (فيرول),,,
Electrical,el.tool.pliers.side,TOOL,hand-tools,Side cutters,חותכן צד,قاطعة جانبية (زرديّة قص),,,
Electrical,el.tool.screwdriver.insulated,TOOL,hand-tools,Insulated screwdriver set 1000 V,ערכת מברגים מבודדים 1000V,طقم مفكات معزولة 1000 فولت,,,
Electrical,el.tool.lockout.kit,TOOL,ppe,Lock-out / tag-out kit,ערכת נעילה ותיוג,طقم إقفال ووسم (LOTO),,,
Electrical,el.tool.laser.level,TOOL,measuring,Cross-line laser level,פלס לייזר צולב,ليزر تسوية متقاطع,,,
Electrical,el.tool.thermal.camera,TOOL,measuring,Thermal imaging camera,מצלמה תרמית,كاميرا حرارية,,,
Electrical,el.tool.phase.rotation,TOOL,measuring,Phase rotation meter,בודק סדר פאזות,فاحص ترتيب الأطوار,,,
Electrical,el.box.wall.68,MATERIAL,accessories,"Wall box, 68 mm round",קופסת קיר עגולה 68 מ״מ,علبة حائط دائرية 68 ملم,,,
Electrical,el.box.wall.gang3,MATERIAL,accessories,"Wall box, 3-gang",קופסת קיר משולשת,علبة حائط ثلاثية,,,
Electrical,el.box.junction.ip55,MATERIAL,accessories,"Junction box IP55, surface",קופסת הסתעפות IP55 חיצונית,علبة تفريعات IP55 ظاهرة,,,
Electrical,el.box.slab.deep,MATERIAL,accessories,"Slab box, deep (pre-pour)","קופסה ליציקה, עמוקה",علبة صبّة عميقة (قبل الصب),,,
Electrical,el.conduit.pvc.16,MATERIAL,conduit,Flexible PVC conduit 16 mm,שרשורי PVC ‏16 מ״מ,ماسورة مرنة PVC ‏16 ملم,,,
Electrical,el.conduit.pvc.20,MATERIAL,conduit,Flexible PVC conduit 20 mm,שרשורי PVC ‏20 מ״מ,ماسورة مرنة PVC ‏20 ملم,,,
Electrical,el.conduit.pvc.25,MATERIAL,conduit,Flexible PVC conduit 25 mm,שרשורי PVC ‏25 מ״מ,ماسورة مرنة PVC ‏25 ملم,,,
Electrical,el.conduit.hdpe.slab,MATERIAL,conduit,HDPE slab conduit,שרשורי HDPE ליציקה,ماسورة HDPE للصبّة,,,
Electrical,el.trunking.pvc.60,MATERIAL,conduit,PVC trunking 60×40,תעלת PVC ‏60×40,مجرى PVC ‏60×40,,,
Electrical,el.tray.cable.200,MATERIAL,conduit,"Cable tray 200 mm, hot-dip galvanised",תעלת כבלים 200 מ״מ מגולוונת,ترايّ كابلات 200 ملم مجلفن,,,
Electrical,el.socket.schuko.single,MATERIAL,fixtures,"Socket outlet, single (Israeli/Schuko)",שקע יחיד,بريزة مفردة (إسرائيلي/شوكو),,,
Electrical,el.socket.schuko.double,MATERIAL,fixtures,"Socket outlet, double",שקע כפול,بريزة مزدوجة,,,
Electrical,el.socket.usb,MATERIAL,fixtures,Socket with USB-A/C charger,שקע עם מטען USB,بريزة مع شاحن USB,,,
Electrical,el.socket.floor.box,MATERIAL,fixtures,Floor socket box,קופסת רצפה לשקעים,علبة أرضية للأباريز,,,
Electrical,el.switch.dimmer,MATERIAL,fixtures,Dimmer switch,דימר,مفتاح ديمر,,,
Electrical,el.plate.blank,MATERIAL,fixtures,Blank plate,מכסה עיוור,غطاء أعمى,,,
Electrical,el.light.downlight.led,MATERIAL,fixtures,"LED downlight, recessed",גוף תאורה שקוע LED,سبوت LED غاطس,,,
Electrical,el.light.panel.60x60,MATERIAL,fixtures,LED panel 60×60,פאנל LED ‏60×60,بانل LED ‏60×60,,,
Electrical,el.light.emergency,MATERIAL,fixtures,"Emergency light, 90 min",גוף תאורת חירום 90 דק׳,إنارة طوارئ 90 دقيقة,,,
Electrical,el.light.exit.sign,MATERIAL,fixtures,Illuminated exit sign,שלט יציאה מואר,لافتة مخرج مضاءة,,,
Electrical,el.db.consumer.12way,MATERIAL,distribution-boards,"Distribution board, 12-way",לוח חלוקה 12 מקומות,لوحة توزيع 12 خط,,,
Electrical,el.db.consumer.36way,MATERIAL,distribution-boards,"Distribution board, 36-way",לוח חלוקה 36 מקומות,لوحة توزيع 36 خط,,,
Electrical,el.mcb.c16,MATERIAL,protection,"MCB, C16",מא״ז C16,قاطع C16,,,
Electrical,el.rcbo.c16,MATERIAL,protection,"RCBO, C16 / 30 mA",מא״ז מגן C16 ‏30mA,قاطع مدمج مع تسريب C16 ‏30 مللي أمبير,,,
Electrical,el.surge.spd.t2,MATERIAL,protection,"Surge protective device, type 2",מגן ברקים סוג 2,جهاز حماية من الصواعق نوع 2,,,
Electrical,el.earth.rod,MATERIAL,earthing,"Earth rod, copper-bonded",אלקטרודת הארקה מצופה נחושת,قضيب تأريض مطلي نحاس,,,
Electrical,el.earth.busbar,MATERIAL,earthing,Main earthing busbar,פס השוואת פוטנציאלים,بار تأريض رئيسي,,,
Plumbing,pl.pipe.pex.16,MATERIAL,pipes,PEX pipe 16 mm,צינור פקסגול 16 מ״מ,أنبوب بيكس 16 ملم,,,
Plumbing,pl.pipe.pex.20,MATERIAL,pipes,PEX pipe 20 mm,צינור פקסגול 20 מ״מ,أنبوب بيكس 20 ملم,,,
Plumbing,pl.pipe.copper.15,MATERIAL,pipes,Copper pipe 15 mm,צינור נחושת 15 מ״מ,أنبوب نحاس 15 ملم,,,
Plumbing,pl.pipe.copper.22,MATERIAL,pipes,Copper pipe 22 mm,צינור נחושת 22 מ״מ,أنبوب نحاس 22 ملم,,,
Plumbing,pl.pipe.pvc.50,MATERIAL,drainage,PVC waste pipe 50 mm,צינור דלוחין PVC ‏50 מ״מ,أنبوب صرف PVC ‏50 ملم,,,
Plumbing,pl.pipe.pvc.110,MATERIAL,drainage,PVC soil pipe 110 mm,צינור ביוב PVC ‏110 מ״מ,أنبوب مجاري PVC ‏110 ملم,,,
Plumbing,pl.fit.elbow.90.pvc.50,MATERIAL,fittings,PVC elbow 90° 50 mm,זווית PVC ‏90° ‏50 מ״מ,كوع PVC ‏90° ‏50 ملم,,,
Plumbing,pl.fit.tee.pvc.110,MATERIAL,fittings,PVC tee 110 mm,טי PVC ‏110 מ״מ,وصلة T من PVC ‏110 ملم,,,
Plumbing,pl.fit.coupling.pex.16,MATERIAL,fittings,PEX coupling 16 mm,מופה לפקסגול 16 מ״מ,وصلة بيكس 16 ملم,,,
Plumbing,pl.fit.manifold.4way,MATERIAL,fittings,"Water manifold, 4 outlets",מחלק מים 4 יציאות,موزّع مياه 4 مخارج,,,
Plumbing,pl.valve.ball.1_2,MATERIAL,valves,"Ball valve 1/2""",ברז כדורי ״1/2,محبس كروي 1/2 إنش,,,
Plumbing,pl.valve.check.3_4,MATERIAL,valves,"Check valve 3/4""",שסתום אל־חוזר ״3/4,صمام لا رجعي 3/4 إنش,,,
Plumbing,pl.valve.prv,MATERIAL,valves,Pressure reducing valve,מפחית לחץ,منظّم ضغط,,,
Plumbing,pl.fixture.toilet,MATERIAL,fixtures,WC pan and cistern,אסלה ומיכל הדחה,مرحاض وخزّان طرد,,,
Plumbing,pl.fixture.basin,MATERIAL,fixtures,Wash basin,כיור רחצה,مغسلة,,,
Plumbing,pl.fixture.faucet.kitchen,MATERIAL,fixtures,Kitchen mixer tap,ברז מטבח,خلاط مطبخ,,,
Plumbing,pl.fixture.trap.bottle,MATERIAL,fixtures,Bottle trap,סיפון בקבוק,سيفون زجاجي,,,
Plumbing,pl.heater.electric.150,MATERIAL,hot-water,Electric water heater 150 L,דוד חשמל 150 ליטר,سخان مياه كهربائي 150 لتر,,,
Plumbing,pl.heater.solar.collector,MATERIAL,hot-water,Solar collector panel,קולט שמש,مجمّع شمسي,,,
Plumbing,pl.meter.water,MATERIAL,metering,Water meter,מד מים,عدّاد مياه,,,
Plumbing,pl.consum.teflon,CONSUMABLE,consumables,PTFE thread tape,סרט טפלון,شريط تفلون,,,
Plumbing,pl.consum.pvc_glue,CONSUMABLE,consumables,PVC solvent cement,דבק PVC,غراء PVC,,,
Plumbing,pl.consum.pipe_clip,CONSUMABLE,consumables,Pipe clip,חבק לצינור,مشبك أنبوب,,,
Plumbing,pl.tool.pipe_wrench,TOOL,hand-tools,Pipe wrench,מפתח צינורות,مفتاح مواسير,,,
Plumbing,pl.tool.pipe_cutter,TOOL,hand-tools,Pipe cutter,חותך צינורות,قاطع أنابيب,,,
Plumbing,pl.tool.ppr_welder,TOOL,power-tools,PPR socket welder,מכונת ריתוך פוליפרופילן,آلة لحام بولي بروبيلين,,,
Plumbing,pl.tool.torch,TOOL,power-tools,Brazing torch,מבער להלחמה,شعلة لحام,,,
Plumbing,pl.tool.drain_snake,TOOL,hand-tools,Drain auger,ספירלה לפתיחת סתימות,زنبرك تسليك المجاري,,,
Plumbing,pl.tool.pressure_gauge,TOOL,measuring,Pressure test pump and gauge,משאבת אטימות ומד לחץ,مضخة اختبار ضغط ومقياس,,,
Plumbing,pl.tool.leak_detector,TOOL,measuring,Acoustic leak detector,גלאי נזילות אקוסטי,كاشف تسرّب صوتي,,,
Plumbing,pl.safety.gas_detector,SAFETY,ppe,Confined space gas detector,גלאי גזים לחלל מוקף,كاشف غازات للأماكن المغلقة,,,
Plumbing,pl.safety.gloves.nitrile,SAFETY,ppe,Chemical resistant gloves,כפפות עמידות לכימיקלים,قفازات مقاومة للمواد الكيميائية,,,
Plumbing,pl.pipe.ppr.25,MATERIAL,pipes,PPR pipe 25 mm,צינור PPR ‏25 מ״מ,ماسورة PPR ‏25 ملم,,,
Plumbing,pl.pipe.hdpe.drain,MATERIAL,drainage,HDPE drainage pipe,צינור ניקוז HDPE,ماسورة صرف HDPE,,,
Plumbing,pl.manifold.underfloor,MATERIAL,fittings,"Manifold, underfloor / PEX",מפלג PEX,مجمّع PEX,,,
Plumbing,pl.trap.floor.drain,MATERIAL,drainage,Floor drain / gully,מחסום רצפה,سيفون أرضية,,,
Plumbing,pl.tank.roof.polyethylene,MATERIAL,fixtures,Roof water tank,מיכל מים לגג,خزان ماء للسطح,,,
Plumbing,pl.pump.booster,MATERIAL,units,Booster pump set,מערכת משאבות הגברה,مجموعة مضخات ضغط,,,
Plumbing,pl.heater.solar,MATERIAL,hot-water,Solar water heater (dud shemesh),דוד שמש,سخّان شمسي (دود شيمش),,,
Plumbing,pl.backflow.preventer,MATERIAL,valves,Backflow preventer,מונע זרימה חוזרת,مانع تدفّق عكسي,,,
Plumbing,pl.mixer.basin,MATERIAL,fixtures,Basin mixer tap,ברז מיקסר לכיור,خلاط مغسلة,,,
Plumbing,pl.shower.tray,MATERIAL,fixtures,Shower tray,אגן מקלחת,قاعدة دش,,,
Plumbing,pl.tool.press.jaw,TOOL,power-tools,Press-fit tool with jaws,מכבש לחיבורי לחיצה,ماكينة كبس وصلات,,,
Plumbing,pl.tool.welder.ppr,TOOL,power-tools,PPR socket fusion welder,מלחם PPR,ماكينة لحام PPR,,,
Plumbing,pl.tool.drain.camera,TOOL,measuring,Drain inspection camera,מצלמת ביוב,كاميرا فحص الصرف,,,
Plumbing,pl.tool.pressure.gauge,TOOL,measuring,Pressure test gauge and pump,מד לחץ ומשאבת בדיקה,ساعة ضغط ومضخة فحص,,,
HVAC & Refrigeration,hv.unit.split.1_5hp,MATERIAL,units,Split air conditioner 1.5 HP,מזגן עילי 1.5 כ״ס,مكيّف سبليت 1.5 حصان,,,
HVAC & Refrigeration,hv.unit.minicentral,MATERIAL,units,Mini-central air handler,מזגן מיני מרכזי,مكيّف مركزي صغير,,,
HVAC & Refrigeration,hv.unit.condenser,MATERIAL,units,Outdoor condensing unit,מעבה (יחידה חיצונית),وحدة تكثيف خارجية,,,
HVAC & Refrigeration,hv.pipe.cu.1_4,MATERIAL,refrigerant-lines,"Refrigerant copper pipe 1/4""",צינור נחושת לגז ״1/4,أنبوب نحاس للتبريد 1/4 إنش,,,
HVAC & Refrigeration,hv.pipe.cu.1_2,MATERIAL,refrigerant-lines,"Refrigerant copper pipe 1/2""",צינור נחושת לגז ״1/2,أنبوب نحاس للتبريد 1/2 إنش,,,
HVAC & Refrigeration,hv.insulation.elastomeric,MATERIAL,insulation,Elastomeric pipe insulation,בידוד גמיש לצנרת,عازل مطاطي للأنابيب,,,
HVAC & Refrigeration,hv.refrigerant.r32,MATERIAL,refrigerant,Refrigerant R32,גז קירור R32,غاز تبريد R32,,,
HVAC & Refrigeration,hv.refrigerant.r410a,MATERIAL,refrigerant,Refrigerant R410A,גז קירור R410A,غاز تبريد R410A,,,
HVAC & Refrigeration,hv.drain.pipe.25,MATERIAL,condensate,Condensate drain pipe 25 mm,צינור ניקוז מזגן 25 מ״מ,أنبوب تصريف مكيّف 25 ملم,,,
HVAC & Refrigeration,hv.drain.pump,MATERIAL,condensate,Condensate pump,משאבת ניקוז,مضخة تصريف,,,
HVAC & Refrigeration,hv.thermostat.programmable,MATERIAL,controls,Programmable thermostat,תרמוסטט מתוכנת,ثرموستات قابل للبرمجة,,,
HVAC & Refrigeration,hv.duct.flexible.8,MATERIAL,ducting,"Insulated flexible duct 8""",תעלה גמישה מבודדת ״8,مجرى هواء مرن معزول 8 إنش,,,
HVAC & Refrigeration,hv.diffuser.linear,MATERIAL,ducting,Linear supply diffuser,מפזר אוויר קווי,فتحة توزيع هواء خطية,,,
HVAC & Refrigeration,hv.grille.return,MATERIAL,ducting,Return air grille with filter,גריל חוזר עם מסנן,شبك هواء راجع مع فلتر,,,
HVAC & Refrigeration,hv.filter.g4,CONSUMABLE,consumables,Air filter G4,מסנן אוויר G4,فلتر هواء G4,,,
HVAC & Refrigeration,hv.consum.flare_nuts,CONSUMABLE,consumables,Flare nuts and caps,אומי פלייר ופקקים,صواميل تفليج وسدادات,,,
HVAC & Refrigeration,hv.tool.vacuum_pump,TOOL,service,Vacuum pump,משאבת ואקום,مضخة تفريغ,,,
HVAC & Refrigeration,hv.tool.manifold_gauges,TOOL,service,Manifold gauge set,סט מדי לחץ (מנומטרים),طقم مقاييس ضغط (مانيفولد),,,
HVAC & Refrigeration,hv.tool.recovery_machine,TOOL,service,Refrigerant recovery machine,מכונת שאיבת גז,آلة استرجاع غاز التبريد,,,
HVAC & Refrigeration,hv.tool.flaring,TOOL,hand-tools,Flaring tool set,ערכת פלייר,طقم تفليج,,,
HVAC & Refrigeration,hv.tool.tube_bender,TOOL,hand-tools,Tube bender,מכופף צנרת,ثنّاية أنابيب,,,
HVAC & Refrigeration,hv.tool.clamp_meter,TOOL,measuring,Clamp meter,מלקחי אמפר,كماشة أمبير,,,
HVAC & Refrigeration,hv.tool.leak_detector,TOOL,measuring,Electronic leak detector,גלאי דליפות גז אלקטרוני,كاشف تسرّب غاز إلكتروني,,,
HVAC & Refrigeration,hv.tool.digital_scale,TOOL,measuring,Refrigerant charging scale,משקל דיגיטלי לגז,ميزان شحن الغاز,,,
HVAC & Refrigeration,hv.tool.anemometer,TOOL,measuring,Anemometer,מד ספיקת אוויר,مقياس تدفق الهواء,,,
HVAC & Refrigeration,hv.safety.gloves.cryo,SAFETY,ppe,Refrigerant handling gloves,כפפות לטיפול בגז קירור,قفازات للتعامل مع غاز التبريد,,,
HVAC & Refrigeration,hv.safety.goggles,SAFETY,ppe,Sealed safety goggles,משקפי מגן אטומים,نظارات واقية محكمة,,,
HVAC & Refrigeration,hv.safety.ladder.fiber,SAFETY,access,Fibreglass step ladder,סולם פיברגלס,سلّم فايبرجلاس,,,
HVAC & Refrigeration,hv.sleeve.wall,MATERIAL,accessories,Wall sleeve (jerab),שרוול קיר,جراب (سليفة) حيط,,,
HVAC & Refrigeration,hv.duct.galvanised,MATERIAL,ducting,Galvanised sheet duct,תעלת פח מגולוון,دكت صاج مجلفن,,,
HVAC & Refrigeration,hv.duct.preinsulated,MATERIAL,ducting,Pre-insulated panel duct,תעלה מבודדת מראש,دكت بانل معزول,,,
HVAC & Refrigeration,hv.duct.flexible,MATERIAL,ducting,Flexible insulated duct,תעלה גמישה מבודדת,دكت مرن معزول,,,
HVAC & Refrigeration,hv.damper.fire,MATERIAL,ducting,Fire damper,מדף אש,دامبر حريق,,,
HVAC & Refrigeration,hv.damper.volume,MATERIAL,ducting,Volume control damper,מדף ויסות,دامبر تنظيم,,,
HVAC & Refrigeration,hv.grille.supply,MATERIAL,ducting,Supply grille,גריל אספקה,جريل تغذية,,,
HVAC & Refrigeration,hv.diffuser.swirl,MATERIAL,ducting,Swirl diffuser,מפזר סחרור,مبثّ دوّار,,,
HVAC & Refrigeration,hv.unit.vrf.indoor,MATERIAL,units,VRF indoor unit,יחידה פנימית VRF,وحدة داخلية VRF,,,
HVAC & Refrigeration,hv.unit.vrf.outdoor,MATERIAL,units,VRF outdoor unit,יחידה חיצונית VRF,وحدة خارجية VRF,,,
HVAC & Refrigeration,hv.unit.fcu.ceiling,MATERIAL,units,Ceiling fan coil unit,יחידת מאוורר־סליל תקרתית,وحدة فان كويل سقفية,,,
HVAC & Refrigeration,hv.unit.fresh.air,MATERIAL,units,Fresh air / heat recovery unit,יחידת אוויר צח עם השבת חום,وحدة هواء نقي مع استرجاع حراري,,,
HVAC & Refrigeration,hv.tool.micron.gauge,TOOL,measuring,Micron gauge,מד מיקרון,مقياس ميكرون,,,
HVAC & Refrigeration,hv.tool.manifold.gauge,TOOL,service,Refrigerant manifold gauges,סט מדי לחץ לגז קירור,مانيفولد قياس غاز التبريد,,,
Painting,pa.paint.acrylic.interior,MATERIAL,paint,Interior acrylic paint,צבע אקרילי לפנים,دهان أكريليك داخلي,,,
Painting,pa.paint.acrylic.exterior,MATERIAL,paint,Exterior acrylic paint,צבע אקרילי לחוץ,دهان أكريليك خارجي,,,
Painting,pa.paint.synthetic,MATERIAL,paint,Synthetic (oil) enamel,צבע סינטטי (שמן),دهان زيتي (إينامل),,,
Painting,pa.paint.antimould,MATERIAL,paint,Anti-mould paint,צבע נגד עובש,دهان مضاد للعفن,,,
Painting,pa.primer.wall,MATERIAL,primer,Wall primer,יסוד לקירות,برايمر للجدران,,,
Painting,pa.primer.antirust,MATERIAL,primer,Anti-rust primer,יסוד נגד חלודה,أساس مضاد للصدأ,,,
Painting,pa.filler.wall,MATERIAL,preparation,Wall filler,מרק שפכטל,معجون جدران,,,
Painting,pa.filler.plaster_skim,MATERIAL,preparation,Skim coat plaster,שליכט טיח דק,قصارة تنعيم,,,
Painting,pa.thinner,MATERIAL,consumables,Paint thinner,מדלל,مخفّف (تنر),,,
Painting,pa.tape.masking,CONSUMABLE,consumables,Masking tape,סרט מיסוך,شريط تغطية,,,
Painting,pa.sheet.protection,CONSUMABLE,consumables,Protective drop sheet,יריעת הגנה,نايلون حماية,,,
Painting,pa.sandpaper.120,CONSUMABLE,consumables,Sandpaper P120,נייר לטש P120,ورق صنفرة P120,,,
Painting,pa.sandpaper.220,CONSUMABLE,consumables,Sandpaper P220,נייר לטש P220,ورق صنفرة P220,,,
Painting,pa.tool.roller.25,TOOL,hand-tools,Paint roller 25 cm,רולר צבע 25 ס״מ,رول دهان 25 سم,,,
Painting,pa.tool.roller.10,TOOL,hand-tools,Small roller 10 cm,רולר קטן 10 ס״מ,رول صغير 10 سم,,,
Painting,pa.tool.brush.set,TOOL,hand-tools,Brush set,סט מברשות,طقم فرش,,,
Painting,pa.tool.tray,TOOL,hand-tools,Paint tray with grid,מגש צבע עם רשת,صينية دهان مع شبك,,,
Painting,pa.tool.spatula,TOOL,hand-tools,Filling knife set,סט שפכטלים,طقم سكاكين معجون,,,
Painting,pa.tool.extension_pole,TOOL,hand-tools,Telescopic extension pole,מוט הארכה טלסקופי,عصا تمديد تلسكوبية,,,
Painting,pa.tool.airless_sprayer,TOOL,power-tools,Airless paint sprayer,מרסס צבע אירלס,رشّاش دهان بدون هواء,,,
Painting,pa.tool.sander.orbital,TOOL,power-tools,Orbital sander with extraction,מלטשת אקסצנטרית עם שאיבה,جلاخة مدارية مع شفط,,,
Painting,pa.tool.wet_edge_light,TOOL,hand-tools,Inspection work light,פנס עבודה לבדיקת גמר,كشّاف عمل لفحص التشطيب,,,
Painting,pa.safety.respirator.a2p3,SAFETY,ppe,Respirator A2-P3,מסכת נשימה A2-P3,كمّامة تنفس A2-P3,,,
Painting,pa.safety.dust_mask.ffp2,SAFETY,ppe,Dust mask FFP2,מסכת אבק FFP2,كمّامة غبار FFP2,,,
Painting,pa.safety.goggles,SAFETY,ppe,Safety goggles,משקפי מגן,نظارات واقية,,,
Painting,pa.safety.ladder.platform,SAFETY,access,Platform step ladder,סולם עם משטח עמידה,سلّم بمنصّة وقوف,,,
Carpentry,ca.board.mdf.16,MATERIAL,boards,MDF board 16 mm,לוח MDF ‏16 מ״מ,لوح MDF ‏16 ملم,,,
Carpentry,ca.board.melamine.18,MATERIAL,boards,Melamine faced board 18 mm,לוח סנדוויץ׳ מלמין 18 מ״מ,لوح ميلامين 18 ملم,,,
Carpentry,ca.board.plywood.12,MATERIAL,boards,Plywood 12 mm,דיקט 12 מ״מ,خشب أبلكاش 12 ملم,,,
Carpentry,ca.timber.pine.2x4,MATERIAL,timber,Pine batten 50×100 mm,קורת אורן 50×100 מ״מ,عارضة صنوبر 50×100 ملم,,,
Carpentry,ca.timber.oak.solid,MATERIAL,timber,Solid oak panel,לוח אלון מלא,لوح بلوط مصمت,,,
Carpentry,ca.edge.banding.pvc,MATERIAL,finishing,PVC edge banding,קנט PVC,شريط حواف PVC,,,
Carpentry,ca.veneer.oak,MATERIAL,finishing,Oak veneer,פורניר אלון,قشرة بلوط,,,
Carpentry,ca.screw.wood.4x40,CONSUMABLE,fixings,Wood screw 4×40 mm,בורג לעץ 4×40 מ״מ,برغي خشب 4×40 ملم,,,
Carpentry,ca.screw.confirmat,CONSUMABLE,fixings,Confirmat screw 7×50 mm,בורג קונפירמט 7×50 מ״מ,برغي كونفيرمات 7×50 ملم,,,
Carpentry,ca.nail.finish.50,CONSUMABLE,fixings,Finish nail 50 mm,מסמר גמר 50 מ״מ,مسمار تشطيب 50 ملم,,,
Carpentry,ca.glue.pva,CONSUMABLE,consumables,Wood glue (PVA D3),דבק נגרים D3,غراء خشب D3,,,
Carpentry,ca.hinge.softclose,MATERIAL,hardware,Soft-close concealed hinge,ציר נסתר עם בלימה,مفصّلة مخفية بإغلاق ناعم,,,
Carpentry,ca.slide.undermount,MATERIAL,hardware,Undermount drawer slides,מסילות מגירה נסתרות,سكك أدراج مخفية,,,
Carpentry,ca.handle.bar,MATERIAL,hardware,Bar handle,ידית מוט,مقبض عمودي,,,
Carpentry,ca.tool.circular_saw,TOOL,power-tools,Circular saw,מסור עגול,منشار دائري,,,
Carpentry,ca.tool.table_saw,TOOL,power-tools,Table saw,שולחן ניסור,منشار طاولة,,,
Carpentry,ca.tool.jigsaw,TOOL,power-tools,Jigsaw,מסור אנכי,منشار عمودي (أركيت),,,
Carpentry,ca.tool.router,TOOL,power-tools,Router,ראוטר (קופיה),راوتر (فرايز),,,
Carpentry,ca.tool.drill_driver,TOOL,power-tools,Cordless drill / driver,מברגה־מקדחה נטענת,مثقاب ومفك شحن,,,
Carpentry,ca.tool.orbital_sander,TOOL,power-tools,Random orbit sander,מלטשת אקסצנטרית,جلاخة مدارية عشوائية,,,
Carpentry,ca.tool.chisel_set,TOOL,hand-tools,Chisel set,סט אזמלים,طقم أزاميل,,,
Carpentry,ca.tool.clamps,TOOL,hand-tools,Bar clamps,מלחציים מוט,مشابك عمودية,,,
Carpentry,ca.tool.square,TOOL,measuring,Try square,זווית נגרים,زاوية نجّار,,,
Carpentry,ca.tool.tape,TOOL,measuring,Tape measure 5 m,סרט מדידה 5 מ׳,شريط قياس 5 م,,,
Carpentry,ca.safety.goggles,SAFETY,ppe,Safety glasses,משקפי מגן,نظارات أمان,,,
Carpentry,ca.safety.ear_defenders,SAFETY,ppe,Ear defenders,אוזניות מגן,واقيات أذن,,,
Carpentry,ca.safety.dust_extractor,SAFETY,ppe,M-class dust extractor,שואב אבק דרגה M,شافط غبار درجة M,,,
Carpentry,ca.door.internal.solid,MATERIAL,fixtures,"Internal door, solid core",דלת פנים מלאה,باب داخلي مصمت,,,
Carpentry,ca.door.internal.hollow,MATERIAL,fixtures,"Internal door, hollow core",דלת פנים חלולה,باب داخلي مفرّغ,,,
Carpentry,ca.door.fire.60,MATERIAL,fixtures,"Fire door, 60 minutes",דלת אש 60 דקות,باب حريق 60 دقيقة,,,
Carpentry,ca.door.security.steel,MATERIAL,fixtures,Security entrance door,דלת ביטחון,باب أمان (حديد),,,
Carpentry,ca.frame.door.metal,MATERIAL,fixtures,Metal door frame,משקוף מתכת,حلق باب حديد,,,
Carpentry,ca.frame.door.wood,MATERIAL,fixtures,Timber door frame,משקוף עץ,حلق باب خشب,,,
Carpentry,ca.architrave,MATERIAL,finishing,Architrave / casing,חיפוי משקוף,براويز الباب,,,
Carpentry,ca.hinge.door,MATERIAL,hardware,Door hinge,ציר דלת,مفصلة باب,,,
Carpentry,ca.lock.cylinder,MATERIAL,hardware,Cylinder lock,מנעול צילינדר,قفل سلندر,,,
Carpentry,ca.closer.door,MATERIAL,hardware,Door closer,מחזיר שמן,مغلاق باب (زنبرك),,,
Carpentry,ca.strip.intumescent,MATERIAL,hardware,Intumescent seal strip,פס תופח לדלת אש,شريط منتفخ لباب الحريق,,,
Carpentry,ca.threshold.drop,MATERIAL,hardware,Drop-down threshold seal,אטם סף נשלף,عتبة عزل منسدلة,,,
Carpentry,ca.skirting.mdf,MATERIAL,finishing,MDF skirting,פנל MDF,وزرة MDF,,,
Carpentry,ca.kitchen.carcass,MATERIAL,fixtures,Kitchen carcass unit,גוף ארון מטבח,هيكل خزانة مطبخ,,,
Carpentry,ca.worktop.laminate,MATERIAL,finishes,Laminate worktop,משטח עבודה למינציה,سطح عمل لامينيت,,,
Carpentry,ca.tool.jig.hinge,TOOL,hand-tools,Hinge jig,תבנית לצירים,قالب المفصلات,,,
Carpentry,ca.tool.saw.track,TOOL,power-tools,Plunge saw with track,מסור שקיעה עם מסילה,منشار غاطس مع سكة,,,
Carpentry,ca.tool.clamp.sash,TOOL,hand-tools,Sash clamp,מלחציים ארוכים,ملزمة طويلة,,,
Carpentry,ca.tool.planer.door,TOOL,power-tools,Door planer,מקצועה חשמלית,مسحاج كهربائي,,,
Earthworks & demolition,ew.aggregate.base,MATERIAL,aggregates,Crushed base course,מצע סוג א׳,بيسة أساس مكسّرة,,,
Earthworks & demolition,ew.sand.fill,MATERIAL,aggregates,Fill sand,חול מילוי,رمل ردم,,,
Earthworks & demolition,ew.geotextile,MATERIAL,waterproofing,Geotextile separation fabric,בד גיאוטכני,قماش جيوتكستايل,,,
Earthworks & demolition,ew.pipe.drain.perf,MATERIAL,drainage,Perforated drainage pipe,צינור ניקוז מחורר,ماسورة تصريف مثقّبة,,,
Earthworks & demolition,ew.shoring.trench.box,MATERIAL,site-equipment,Trench shoring box,תיבת דיפון לתעלה,صندوق تدعيم الخندق,,,
Earthworks & demolition,ew.plate.road,MATERIAL,site-equipment,Road plate,לוח פלדה לכביש,بليتة طريق,,,
Earthworks & demolition,ew.tool.compactor.plate,TOOL,site-equipment,Plate compactor,מהדק פלטה,دكّاكة صفيحة,,,
Earthworks & demolition,ew.tool.compactor.rammer,TOOL,site-equipment,Trench rammer,מהדק תעלות,دكّاكة خنادق (ضفدع),,,
Earthworks & demolition,ew.tool.level.rotary,TOOL,measuring,Rotary laser and staff,לייזר סיבובי ומוט,ليزر دوّار مع مسطرة,,,
Earthworks & demolition,ew.tool.cat.genny,TOOL,measuring,Cable avoidance tool (CAT & genny),גלאי תשתיות תת־קרקעיות,جهاز كشف الخدمات تحت الأرض,,,
Rebar & formwork,rb.bar.ribbed.12,MATERIAL,reinforcement,Ribbed rebar Ø12,מוט מצולע Ø12,حديد مضلّع Ø12,,,
Rebar & formwork,rb.bar.ribbed.16,MATERIAL,reinforcement,Ribbed rebar Ø16,מוט מצולע Ø16,حديد مضلّع Ø16,,,
Rebar & formwork,rb.bar.ribbed.20,MATERIAL,reinforcement,Ribbed rebar Ø20,מוט מצולע Ø20,حديد مضلّع Ø20,,,
Rebar & formwork,rb.mesh.welded,MATERIAL,reinforcement,Welded reinforcement mesh,רשת ברזל מרותכת,شبك حديد ملحوم,,,
Rebar & formwork,rb.stirrup,MATERIAL,reinforcement,Stirrup (link),חישוק,كانة (استربة),,,
Rebar & formwork,rb.spacer.concrete,MATERIAL,reinforcement,Concrete spacer / chair,שומר מרחק בטון,فاصل باطون (بسكوت),,,
Rebar & formwork,rb.wire.tying,CONSUMABLE,consumables,Tying wire,חוט קשירה,سلك ربط,,,
Rebar & formwork,rb.coupler.threaded,MATERIAL,reinforcement,Threaded rebar coupler,מצמד הברגה למוט,وصلة حديد ملولبة,,,
Rebar & formwork,rb.dowel.chemical,MATERIAL,fixings,Chemical anchor / rebar dowel,עוגן כימי,مثبّت كيماوي (شناكل),,,
Rebar & formwork,rb.tool.bender.bar,TOOL,power-tools,Rebar bender,מכופף ברזל,ثنّاية حديد,,,
Rebar & formwork,rb.tool.cutter.bar,TOOL,power-tools,Rebar cutter,חותך ברזל,قصّاصة حديد,,,
Rebar & formwork,rb.tool.tying.hook,TOOL,hand-tools,Tying hook / twister,וו קשירה,خطّاف ربط الحديد,,,
Rebar & formwork,rb.tool.cover.meter,TOOL,measuring,Cover meter / rebar scanner,גלאי ברזל ומדידת כיסוי,جهاز كشف الحديد وقياس الغطاء,,,
Concrete works,cn.readymix.b30,MATERIAL,concrete,Ready-mix concrete B30,בטון מובא ב-30,باطون جاهز B30,,,
Concrete works,cn.readymix.b40,MATERIAL,concrete,Ready-mix concrete B40,בטון מובא ב-40,باطون جاهز B40,,,
Concrete works,cn.formwork.panel,MATERIAL,timber,Formwork panel,לוח תבנית,لوح طوبار,,,
Concrete works,cn.formwork.prop,MATERIAL,site-equipment,Adjustable prop,תמוכה מתכווננת,دعامة قابلة للضبط,,,
Concrete works,cn.formwork.tie,MATERIAL,fixings,Formwork tie rod,מוט קשירה לתבנית,قضيب ربط الطوبار,,,
Concrete works,cn.release.agent,CONSUMABLE,consumables,Formwork release agent,שמן תבניות,زيت طوبار,,,
Concrete works,cn.admix.plasticiser,MATERIAL,concrete,Plasticiser admixture,מוסף מפלסטיסייזר,مادة ملدّنة,,,
Concrete works,cn.curing.compound,MATERIAL,concrete,Curing compound,חומר אשפרה,مادة معالجة الباطون,,,
Concrete works,cn.waterstop.pvc,MATERIAL,waterproofing,PVC waterstop,ווטרסטופ PVC,ووتر ستوب PVC,,,
Concrete works,cn.tool.vibrator.poker,TOOL,power-tools,Concrete poker vibrator,ויברטור מחט,هزّاز باطون (إبرة),,,
Concrete works,cn.tool.power.float,TOOL,power-tools,Power float,מחליק בטון,هيليكوبتر تنعيم الباطون,,,
Concrete works,cn.tool.screed.vibrating,TOOL,power-tools,Vibrating screed,סרגל רוטט,قدّة هزّازة,,,
Concrete works,cn.tool.slump.cone,TOOL,measuring,Slump cone set,ערכת קונוס שקיעה,طقم مخروط الهبوط (سلامب),,,
Concrete works,cn.tool.cube.mould,TOOL,measuring,Concrete cube mould,תבנית קובייה לבדיקה,قالب مكعّب فحص,,,
Concrete works,cn.tool.core.drill,TOOL,power-tools,Diamond core drill,מקדח ליבה יהלום,دريل كور ألماس,,,
Structural steel,sw.beam.ipe,MATERIAL,reinforcement,Steel beam IPE,קורת פלדה IPE,جسر حديد IPE,,,
Structural steel,sw.hollow.section,MATERIAL,reinforcement,Rectangular hollow section,פרופיל מלבני חלול,بروفيل مجوّف مستطيل,,,
Structural steel,sw.plate.base,MATERIAL,reinforcement,Base plate,לוחית בסיס,بليتة قاعدة,,,
Structural steel,sw.bolt.hsfg,MATERIAL,fixings,High-strength structural bolt,בורג מבני בעל חוזק גבוה,برغي إنشائي عالي المقاومة,,,
Structural steel,sw.deck.metal,MATERIAL,boards,Metal deck sheet,פח לרצפה משתפת,صاج ديك معدني,,,
Structural steel,sw.paint.intumescent,MATERIAL,paint,Intumescent fire paint,צבע תופח נגד אש,دهان منتفخ مقاوم للحريق,,,
Structural steel,sw.primer.zinc,MATERIAL,primer,Zinc-rich primer,יסוד עשיר אבץ,برايمر غني بالزنك,,,
Structural steel,sw.tool.welder.mig,TOOL,power-tools,MIG welder,מכונת ריתוך MIG,ماكينة لحام MIG,,,
Structural steel,sw.tool.welder.stick,TOOL,power-tools,Stick (MMA) welder,מכונת ריתוך אלקטרודה,ماكينة لحام إلكترود,,,
Structural steel,sw.consum.electrode,CONSUMABLE,consumables,Welding electrodes,אלקטרודות ריתוך,إلكترودات لحام,,,
Structural steel,sw.tool.torque.wrench,TOOL,hand-tools,Torque wrench,מפתח מומנט,مفتاح عزم,,,
Structural steel,sw.tool.mag.drill,TOOL,power-tools,Magnetic base drill,מקדחה מגנטית,دريل بقاعدة مغناطيسية,,,
Structural steel,sw.ppe.welding.mask,SAFETY,ppe,Auto-darkening welding mask,מסכת ריתוך אוטומטית,قناع لحام أوتوماتيكي,,,
Structural steel,sw.ppe.fire.blanket,SAFETY,ppe,Welding fire blanket,שמיכת אש לריתוך,بطانية حريق للحام,,,
Masonry & blockwork,ms.block.concrete.20,MATERIAL,masonry,Concrete block 20 cm,בלוק בטון 20 ס״מ,بلوك باطون 20 سم,,,
Masonry & blockwork,ms.block.concrete.10,MATERIAL,masonry,Concrete block 10 cm,בלוק בטון 10 ס״מ,بلوك باطون 10 سم,,,
Masonry & blockwork,ms.block.thermal,MATERIAL,masonry,Thermal block (ytong/aerated),בלוק תרמי / איטונג,بلوك حراري (يتونغ),,,
Masonry & blockwork,ms.block.hollow.clay,MATERIAL,masonry,Hollow clay block,בלוק חרס חלול,طوب فخار مفرّغ,,,
Masonry & blockwork,ms.brick.silicate,MATERIAL,masonry,Silicate brick,לבנת סיליקט,طوب سيليكات,,,
Masonry & blockwork,ms.mortar.masonry,MATERIAL,binders,Masonry mortar,טיט בנייה,مونة بناء,,,
Masonry & blockwork,ms.lintel.precast,MATERIAL,masonry,Precast lintel,משקוף טרומי,عتب جاهز,,,
Masonry & blockwork,ms.tie.wall,MATERIAL,fixings,Wall tie / connector,מקשר קיר,رابط حائط,,,
Masonry & blockwork,ms.tool.trowel.brick,TOOL,hand-tools,Brick trowel,כף בנאי,مالج بناء,,,
Masonry & blockwork,ms.tool.line.block,TOOL,hand-tools,Line blocks and string,בלוקי חוט ומיתר,بكرات خيط البناء,,,
Masonry & blockwork,ms.tool.saw.block,TOOL,power-tools,Block saw,מסור בלוקים,منشار بلوك,,,
Masonry & blockwork,ms.tool.level.spirit,TOOL,measuring,Spirit level 120 cm,פלס 120 ס״מ,ميزان ماء 120 سم,,,
Low voltage & ELV,elv.cable.cat6,MATERIAL,cables,Cat6 U/UTP data cable,כבל תקשורת Cat6,كابل شبكة Cat6,,,
Low voltage & ELV,elv.cable.cat6a.ftp,MATERIAL,cables,Cat6A F/UTP data cable,כבל תקשורת Cat6A מסוכך,كابل شبكة Cat6A مدرّع,,,
Low voltage & ELV,elv.cable.coax.rg6,MATERIAL,cables,Coaxial cable RG6,כבל קואקסיאלי RG6,كابل كواكسيال RG6,,,
Low voltage & ELV,elv.cable.fire.alarm,MATERIAL,cables,Fire-resistant alarm cable,כבל גילוי אש חסין אש,كابل إنذار مقاوم للحريق,,,
Low voltage & ELV,elv.cable.fibre.om4,MATERIAL,cables,"Fibre optic, OM4 multimode",סיב אופטי OM4,ألياف ضوئية OM4,,,
Low voltage & ELV,elv.patch.panel.24,MATERIAL,accessories,"Patch panel, 24 port",פאנל תקשורת 24 יציאות,باتش بانل 24 مخرج,,,
Low voltage & ELV,elv.rack.19.42u,MATERIAL,accessories,"19"" cabinet, 42U","ארון תקשורת 19"" ‏42U",كابينة 19 إنش ‏42U,,,
Low voltage & ELV,elv.outlet.rj45,MATERIAL,fixtures,RJ45 data outlet,שקע תקשורת RJ45,بريزة شبكة RJ45,,,
Low voltage & ELV,elv.camera.dome.ip,MATERIAL,fixtures,IP dome camera,מצלמת IP כיפה,كاميرا IP قبّة,,,
Low voltage & ELV,elv.camera.bullet.ip,MATERIAL,fixtures,IP bullet camera,מצלמת IP צינור,كاميرا IP بوليت,,,
Low voltage & ELV,elv.nvr.16ch,MATERIAL,units,"Network video recorder, 16 channel",מקליט וידאו רשת 16 ערוצים,مسجّل شبكي 16 قناة,,,
Low voltage & ELV,elv.intercom.panel,MATERIAL,fixtures,Entry intercom panel,לוח אינטרקום כניסה,لوحة إنترکوم المدخل,,,
Low voltage & ELV,elv.intercom.handset,MATERIAL,fixtures,Intercom handset,שפופרת אינטרקום,سمّاعة إنترکوم,,,
Low voltage & ELV,elv.fire.detector.smoke,MATERIAL,fixtures,Addressable smoke detector,גלאי עשן כתובתי,كاشف دخان معنون,,,
Low voltage & ELV,elv.fire.detector.heat,MATERIAL,fixtures,Addressable heat detector,גלאי חום כתובתי,كاشف حرارة معنون,,,
Low voltage & ELV,elv.fire.sounder,MATERIAL,fixtures,Sounder / beacon,צופר ונצנץ,صفارة وفلاش إنذار,,,
Low voltage & ELV,elv.fire.callpoint,MATERIAL,fixtures,Manual call point,לחצן אזעקה ידני,زر إنذار يدوي,,,
Low voltage & ELV,elv.fire.panel,MATERIAL,units,Fire alarm control panel,רכזת גילוי אש,لوحة تحكم إنذار الحريق,,,
Low voltage & ELV,elv.access.reader,MATERIAL,fixtures,Access control reader,קורא בקרת כניסה,قارئ تحكم بالدخول,,,
Low voltage & ELV,elv.access.maglock,MATERIAL,hardware,Magnetic door lock,מנעול מגנטי,قفل مغناطيسي,,,
Low voltage & ELV,elv.tv.amplifier,MATERIAL,units,TV distribution amplifier,מגבר טלוויזיה,مضخّم توزيع تلفزيون,,,
Low voltage & ELV,elv.tool.lan.tester,TOOL,measuring,LAN cable tester,בודק כבלי רשת,فاحص كابلات شبكة,,,
Low voltage & ELV,elv.tool.certifier,TOOL,measuring,Cable certifier (Cat6A),מאשר תשתית תקשורת,جهاز اعتماد الكابلات Cat6A,,,
Low voltage & ELV,elv.tool.punch.down,TOOL,hand-tools,Punch-down tool (110/krone),כלי נעיצה 110,أداة تثبيت 110/كرون,,,
Low voltage & ELV,elv.tool.crimp.rj45,TOOL,hand-tools,RJ45 crimping tool,מלחץ RJ45,كماشة كبس RJ45,,,
Low voltage & ELV,elv.tool.fibre.splicer,TOOL,power-tools,Fusion splicer,מחבר סיבים בהיתוך,جهاز لحام ألياف ضوئية,,,
Low voltage & ELV,elv.tool.otdr,TOOL,measuring,OTDR,מודד OTDR,جهاز OTDR,,,
Waterproofing & insulation,wp.membrane.bitumen,MATERIAL,waterproofing,Torch-on bitumen membrane,יריעה ביטומנית,رول بيتومين بالحرق,,,
Waterproofing & insulation,wp.membrane.tpo,MATERIAL,waterproofing,TPO single-ply membrane,יריעת TPO,غشاء TPO,,,
Waterproofing & insulation,wp.liquid.cement,MATERIAL,waterproofing,Cementitious waterproofing slurry,איטום צמנטי,عزل إسمنتي,,,
Waterproofing & insulation,wp.liquid.polyurethane,MATERIAL,waterproofing,Liquid polyurethane membrane,איטום פוליאוריטן נוזלי,عزل بولي يوريثان سائل,,,
Waterproofing & insulation,wp.primer.bitumen,MATERIAL,primer,Bitumen primer,יסוד ביטומני,برايمر بيتوميني,,,
Waterproofing & insulation,wp.tape.corner,MATERIAL,waterproofing,Sealing tape for corners,סרט איטום לפינות,شريط عزل الزوايا,,,
Waterproofing & insulation,wp.insulation.xps,MATERIAL,insulation,XPS insulation board,לוח בידוד XPS,لوح عزل XPS,,,
Waterproofing & insulation,wp.drain.roof,MATERIAL,drainage,Roof drain outlet,מחסום גג,مصرف سطح,,,
Waterproofing & insulation,wp.tool.torch.gas,TOOL,power-tools,Roofing gas torch,מבער גז לאיטום,شعّالة غاز للعزل,,,
Waterproofing & insulation,wp.tool.roller.spike,TOOL,hand-tools,Spiked roller,גלגלת קוצים,رول مسنّن,,,
Waterproofing & insulation,wp.tool.flood.test,TOOL,measuring,Flood test kit,ערכת בדיקת הצפה,طقم فحص الغمر,,,
Plastering & screed,ps.mortar.render.base,MATERIAL,binders,Base render mortar,טיט הרבצה,مونة لياسة أساس,,,
Plastering & screed,ps.mortar.render.finish,MATERIAL,binders,Finish render,טיח גמר,لياسة تشطيب,,,
Plastering & screed,ps.plaster.gypsum,MATERIAL,binders,Gypsum plaster,טיח גבס,جبصين لياسة,,,
Plastering & screed,ps.skim.filler,MATERIAL,preparation,Skim / fine filler,שפכטל גמר,معجون تشطيب ناعم,,,
Plastering & screed,ps.bonding.agent,MATERIAL,primer,Bonding agent / key coat,יסוד הצמדה,مادة ربط (بونديج),,,
Plastering & screed,ps.mesh.render,MATERIAL,reinforcement,Render reinforcing mesh,רשת חיזוק לטיח,شبك تقوية اللياسة,,,
Plastering & screed,ps.bead.corner.render,MATERIAL,finishing,Render corner bead,פינת טיח,زاوية لياسة,,,
Plastering & screed,ps.screed.floor,MATERIAL,binders,Floor screed,מדה לרצפה,مونة أرضيات (سكريد),,,
Plastering & screed,ps.screed.self.level,MATERIAL,binders,Self-levelling compound,מדה מתפלסת,مونة ذاتية التسوية,,,
Plastering & screed,ps.tool.hawk,TOOL,hand-tools,Plasterer’s hawk,לוח נשיאה,لوح حمل المونة,,,
Plastering & screed,ps.tool.trowel.finish,TOOL,hand-tools,Finishing trowel,כף גמר,مالج تشطيب,,,
Plastering & screed,ps.tool.darby,TOOL,hand-tools,Darby / straight edge,סרגל יישור,قدّة تسوية,,,
Plastering & screed,ps.tool.sponge.float,TOOL,hand-tools,Sponge float,מגלף ספוג,مالج إسفنج,,,
Plastering & screed,ps.tool.render.pump,TOOL,power-tools,Render spray pump,משאבת התזת טיח,مضخة رشّ لياسة,,,
Plastering & screed,ps.tool.mixer.forced,TOOL,site-equipment,Forced-action mixer,מערבל כפוי,خلّاطة قسرية,,,
Tiling & marble,tl.tile.porcelain.60x60,MATERIAL,finishes,Porcelain tile 60×60,אריח פורצלן 60×60,بلاط بورسلان 60×60,,,
Tiling & marble,tl.tile.porcelain.120x60,MATERIAL,finishes,Porcelain tile 120×60,אריח פורצלן 120×60,بلاط بورسلان 120×60,,,
Tiling & marble,tl.tile.ceramic.wall,MATERIAL,finishes,Ceramic wall tile,אריח קרמיקה לקיר,سيراميك حيطان,,,
Tiling & marble,tl.tile.mosaic,MATERIAL,finishes,Mosaic sheet,פסיפס,فسيفساء (موزاييك),,,
Tiling & marble,tl.tile.terrazzo,MATERIAL,finishes,Terrazzo tile,אריח טראצו,بلاط تيرازو,,,
Tiling & marble,tl.adhesive.c2te,MATERIAL,binders,Tile adhesive C2TE,דבק אריחים C2TE,لاصق بلاط C2TE,,,
Tiling & marble,tl.grout.cg2,MATERIAL,binders,Tile grout CG2,רובה CG2,قصارة بلاط CG2,,,
Tiling & marble,tl.grout.epoxy,MATERIAL,binders,Epoxy grout,רובה אפוקסי,قصارة إيبوكسي,,,
Tiling & marble,tl.silicone.sanitary,CONSUMABLE,consumables,Sanitary silicone,סיליקון סניטרי,سيليكون صحي,,,
Tiling & marble,tl.profile.schluter,MATERIAL,finishing,Tile trim profile,פרופיל סיום לאריח,بروفيل إنهاء البلاط,,,
Tiling & marble,tl.uncoupling.membrane,MATERIAL,waterproofing,Uncoupling membrane,יריעת ניתוק,غشاء فصل الحركة,,,
Tiling & marble,tl.levelling.clips,CONSUMABLE,consumables,Levelling clips and wedges,קליפסים ליישור אריחים,مشابك وأسافين تسوية,,,
Tiling & marble,tl.tool.cutter.manual,TOOL,hand-tools,Manual tile cutter,חותך אריחים ידני,قصّاصة بلاط يدوية,,,
Tiling & marble,tl.tool.saw.wet,TOOL,power-tools,Wet tile saw,מסור אריחים רטוב,منشار بلاط مبلّل,,,
Tiling & marble,tl.tool.trowel.notched,TOOL,hand-tools,Notched trowel,כף משוננת,مالج مسنّن,,,
Tiling & marble,tl.tool.mixer.paddle,TOOL,power-tools,Mixing drill with paddle,מערבל עם מוט ערבוב,دريل خلط مع ريشة,,,
Tiling & marble,tl.tool.suction.cup,TOOL,hand-tools,Tile suction cup,כוס ואקום לאריח,كأس شفط بلاط,,,
Tiling & marble,tl.tool.laser.floor,TOOL,measuring,Floor laser / level,לייזר לרצפה,ليزر أرضيات,,,
Drywall & gypsum,gb.board.standard.12_5,MATERIAL,boards,"Plasterboard, standard 12.5 mm",לוח גבס רגיל 12.5 מ״מ,لوح جبس عادي 12.5 ملم,,,
Drywall & gypsum,gb.board.moisture.12_5,MATERIAL,boards,"Plasterboard, moisture-resistant (green)",לוח גבס עמיד לחות (ירוק),لوح جبس مقاوم للرطوبة (أخضر),,,
Drywall & gypsum,gb.board.fire.15,MATERIAL,boards,"Plasterboard, fire-rated (pink) 15 mm",לוח גבס חסין אש (ורוד) 15 מ״מ,لوح جبس مقاوم للحريق (وردي) 15 ملم,,,
Drywall & gypsum,gb.board.acoustic,MATERIAL,boards,Acoustic plasterboard,לוח גבס אקוסטי,لوح جبس عازل للصوت,,,
Drywall & gypsum,gb.board.cement,MATERIAL,boards,Cement board,לוח צמנטבורד,لوح سمنت بورد,,,
Drywall & gypsum,gb.stud.c.70,MATERIAL,fixings,Metal stud C-70,פרופיל C-70,بروفيل C-70,,,
Drywall & gypsum,gb.track.u.70,MATERIAL,fixings,Metal track U-70,מסילה U-70,مسار U-70,,,
Drywall & gypsum,gb.hanger.ceiling,MATERIAL,fixings,Ceiling hanger and spring clip,תלייה לתקרה עם קפיץ,علّاقة سقف مع زنبرك,,,
Drywall & gypsum,gb.grid.t24,MATERIAL,fixings,"Suspended ceiling grid, T24",שלד תקרה אקוסטית T24,شبكة سقف معلّق T24,,,
Drywall & gypsum,gb.tile.mineral.60x60,MATERIAL,boards,Mineral ceiling tile 60×60,אריח תקרה מינרלי 60×60,بلاطة سقف معدنية 60×60,,,
Drywall & gypsum,gb.corner.bead,MATERIAL,finishing,Corner bead,פינת מגן,زاوية حماية (كورنر),,,
Drywall & gypsum,gb.tape.paper,CONSUMABLE,finishing,"Joint tape, paper",סרט חיזוק לרובה,شريط تقوية ورقي,,,
Drywall & gypsum,gb.tape.mesh,CONSUMABLE,finishing,"Joint tape, fibreglass mesh",סרט רשת פיברגלס,شريط شبك فايبر,,,
Drywall & gypsum,gb.compound.joint,MATERIAL,finishing,Jointing compound,שפכטל למישקים,معجون فواصل (جبصين),,,
Drywall & gypsum,gb.screw.drywall.25,CONSUMABLE,fixings,Drywall screw 25 mm,בורג גבס 25 מ״מ,برغي جبس 25 ملم,,,
Drywall & gypsum,gb.insulation.rockwool,MATERIAL,insulation,"Rock wool infill, 50 mm",צמר סלעים 50 מ״מ,صوف صخري 50 ملم,,,
Drywall & gypsum,gb.access.hatch,MATERIAL,hardware,Ceiling access hatch,דלת שירות לתקרה,فتحة صيانة للسقف,,,
Drywall & gypsum,gb.tool.screwgun,TOOL,power-tools,Drywall screwgun with depth stop,מברגת גבס עם עומק,دريل جبس بمحدّد عمق,,,
Drywall & gypsum,gb.tool.board.lifter,TOOL,site-equipment,Panel lifter,מרים לוחות,رافعة ألواح,,,
Drywall & gypsum,gb.tool.rasp,TOOL,hand-tools,Board rasp / edge plane,משוף לוחות,مبرد ألواح,,,
Drywall & gypsum,gb.tool.knife.taping,TOOL,hand-tools,Taping knife set,ערכת סכיני שפכטל,طقم سكاكين معجون,,,
Drywall & gypsum,gb.tool.stilts,TOOL,access,Drywall stilts,קביים לגבס,ركائز جبس (ستيلتس),,,
Stonework & cladding,st.stone.jerusalem.slab,MATERIAL,finishes,"Jerusalem stone slab, sawn",לוח אבן ירושלמית מנוסרת,لوح حجر قدسي منشور,,,
Stonework & cladding,st.stone.tobzeh,MATERIAL,finishes,Tobzeh (bush-hammered) stone,אבן טובזה,حجر طبزة,,,
Stonework & cladding,st.stone.msamsam,MATERIAL,finishes,Msamsam (chiselled) stone,אבן מסמסם,حجر مسمسم,,,
Stonework & cladding,st.stone.mafjar,MATERIAL,finishes,Mafjar (split-face) stone,אבן מפג׳ר,حجر مفجّر,,,
Stonework & cladding,st.stone.marble.slab,MATERIAL,finishes,Marble slab,לוח שיש,لوح رخام,,,
Stonework & cladding,st.stone.granite.slab,MATERIAL,finishes,Granite slab,לוח גרניט,لوح جرانيت,,,
Stonework & cladding,st.sill.window.stone,MATERIAL,finishes,Stone window sill,אדן חלון אבן,عتبة شباك حجر,,,
Stonework & cladding,st.anchor.stainless,MATERIAL,fixings,Stainless steel stone anchor,עוגן אבן נירוסטה,مثبّت حجر ستانلس,,,
Stonework & cladding,st.mortar.stone,MATERIAL,binders,Stone-setting mortar,טיט לאבן,مونة تثبيت الحجر,,,
Stonework & cladding,st.grout.stone,MATERIAL,binders,Stone pointing grout,רובה לאבן,قصارة فواصل الحجر,,,
Stonework & cladding,st.sealer.stone,MATERIAL,finishes,Stone impregnating sealer,אימפרגנציה לאבן,مادة حماية للحجر,,,
Stonework & cladding,st.tool.grinder.230,TOOL,power-tools,Angle grinder 230 mm,משחזת זווית 230 מ״מ,جلّاخة 230 ملم,,,
Stonework & cladding,st.tool.saw.bridge,TOOL,power-tools,Bridge saw,מסור גשר,منشار جسري,,,
Stonework & cladding,st.tool.chisel.set,TOOL,hand-tools,Stone chisel set,ערכת אזמלי אבן,طقم أزاميل حجر,,,
Stonework & cladding,st.tool.bush.hammer,TOOL,hand-tools,Bush hammer,פטיש טובזה,شاكوش طبزة,,,
Stonework & cladding,st.tool.blade.diamond,CONSUMABLE,consumables,Diamond blade for stone,דיסק יהלום לאבן,قرص ألماس للحجر,,,
Stonework & cladding,st.tool.vacuum.lifter,TOOL,site-equipment,Vacuum slab lifter,מרים ואקום ללוחות,رافعة شفط للألواح,,,
Stonework & cladding,st.ppe.dust.mask.p3,SAFETY,ppe,Respirator P3 (silica),מסכת נשימה P3,كمامة P3 (سيليكا),,,
Aluminium & glazing,al.window.casement,MATERIAL,fixtures,Aluminium casement window,חלון אלומיניום ציר,شباك ألمنيوم مفصلي,,,
Aluminium & glazing,al.window.sliding,MATERIAL,fixtures,Aluminium sliding window,חלון הזזה אלומיניום,شباك ألمنيوم سحّاب,,,
Aluminium & glazing,al.door.entrance,MATERIAL,fixtures,Aluminium entrance door,דלת כניסה אלומיניום,باب مدخل ألمنيوم,,,
Aluminium & glazing,al.curtain.wall,MATERIAL,finishes,Curtain wall system,קיר מסך,كيرتن وول,,,
Aluminium & glazing,al.acp.panel,MATERIAL,finishes,Aluminium composite panel,לוח קומפוזיט אלומיניום,بانل ألمنيوم مركّب (ACP),,,
Aluminium & glazing,al.glass.double,MATERIAL,finishes,Double glazed unit,זכוכית בידודית,زجاج دبل (عازل),,,
Aluminium & glazing,al.glass.laminated,MATERIAL,finishes,Laminated safety glass,זכוכית רב־שכבתית,زجاج مصفّح (لامينيت),,,
Aluminium & glazing,al.glass.tempered,MATERIAL,finishes,Tempered glass,זכוכית מחוסמת,زجاج مقسّى (سيكوريت),,,
Aluminium & glazing,al.shutter.rolling,MATERIAL,hardware,Rolling shutter (trisol),תריס גלילה,شيش رول (تريسول),,,
Aluminium & glazing,al.gasket.epdm,MATERIAL,consumables,EPDM glazing gasket,אטם EPDM לזיגוג,جلدة EPDM للزجاج,,,
Aluminium & glazing,al.sealant.structural,CONSUMABLE,consumables,Structural silicone,סיליקון מבני,سيليكون إنشائي,,,
Aluminium & glazing,al.tool.saw.mitre,TOOL,power-tools,Aluminium mitre saw,מסור גרונג לאלומיניום,منشار زاوية للألمنيوم,,,
Aluminium & glazing,al.tool.glass.suction,TOOL,hand-tools,Glass suction lifter,כוס ואקום לזכוכית,كأس شفط زجاج,,,
Aluminium & glazing,al.tool.gun.sealant,TOOL,hand-tools,Sealant gun,אקדח סיליקון,مسدس سيليكون,,,
Metalwork & balustrades,mw.balustrade.steel,MATERIAL,hardware,Steel balustrade,מעקה פלדה,درابزين حديد,,,
Metalwork & balustrades,mw.balustrade.glass,MATERIAL,hardware,Glass balustrade,מעקה זכוכית,درابزين زجاج,,,
Metalwork & balustrades,mw.handrail.stainless,MATERIAL,hardware,Stainless handrail,מאחז יד נירוסטה,مسكة يد ستانلس,,,
Metalwork & balustrades,mw.gate.steel,MATERIAL,hardware,Steel gate,שער פלדה,بوابة حديد,,,
Metalwork & balustrades,mw.grating.steel,MATERIAL,hardware,Steel floor grating,סורג רצפה פלדה,مشبك أرضية حديد,,,
Metalwork & balustrades,mw.tool.grinder.125,TOOL,power-tools,Angle grinder 125 mm,משחזת זווית 125 מ״מ,جلّاخة 125 ملم,,,
Metalwork & balustrades,mw.tool.bender.pipe,TOOL,hand-tools,Pipe/tube bender,מכופף צינורות,ثنّاية مواسير,,,
Metalwork & balustrades,mw.tool.clamp.welding,TOOL,hand-tools,Welding clamp set,ערכת מלחציים לריתוך,طقم ملازم لحام,,,
Firefighting systems,ff.pipe.steel.sch40,MATERIAL,pipes,Black steel pipe SCH40,צינור פלדה שחור SCH40,ماسورة حديد أسود SCH40,,,
Firefighting systems,ff.sprinkler.pendent,MATERIAL,fixtures,Pendent sprinkler head,ראש ספרינקלר תלוי,رشّاش معلّق,,,
Firefighting systems,ff.sprinkler.upright,MATERIAL,fixtures,Upright sprinkler head,ראש ספרינקלר זקוף,رشّاش قائم,,,
Firefighting systems,ff.valve.alarm,MATERIAL,valves,Alarm check valve,שסתום התראה,محبس إنذار,,,
Firefighting systems,ff.hose.reel,MATERIAL,fixtures,Fire hose reel,גלגלון כיבוי,بكرة خرطوم حريق,,,
Firefighting systems,ff.cabinet.hydrant,MATERIAL,fixtures,Fire hydrant cabinet,ארון הידרנט,خزانة حريق,,,
Firefighting systems,ff.extinguisher.6kg,MATERIAL,fixtures,Dry powder extinguisher 6 kg,מטף אבקה 6 ק״ג,طفاية بودرة 6 كغم,,,
Firefighting systems,ff.pump.jockey,MATERIAL,units,Jockey pump,משאבת ג׳וקי,مضخة جوكي,,,
Firefighting systems,ff.tool.groove.roller,TOOL,power-tools,Pipe grooving machine,מכונת חריצה לצינור,ماكينة تخديد المواسير,,,
Firefighting systems,ff.tool.pressure.test,TOOL,measuring,Hydrostatic test pump,משאבת בדיקת לחץ,مضخة فحص ضغط,,,
Elevators & escalators,lf.guide.rail,MATERIAL,fixtures,Elevator guide rail,מסילת מוביל למעלית,سكة توجيه المصعد,,,
Elevators & escalators,lf.machine.gearless,MATERIAL,units,Gearless traction machine,מנוע גירלס,ماكينة جر بدون تروس,,,
Elevators & escalators,lf.rope.traction,MATERIAL,fixtures,Traction rope / belt,כבל משיכה,حبل جر,,,
Elevators & escalators,lf.controller,MATERIAL,units,Elevator controller,בקר מעלית,لوحة تحكم المصعد,,,
Elevators & escalators,lf.door.landing,MATERIAL,fixtures,Landing door assembly,דלת פיר,باب الطابق للمصعد,,,
Elevators & escalators,lf.buffer,MATERIAL,fixtures,Pit buffer,בולם בור,مصدّ الحفرة,,,
Elevators & escalators,lf.governor,MATERIAL,fixtures,Overspeed governor,מווסת מהירות יתר,منظّم السرعة الزائدة,,,
Elevators & escalators,lf.tool.plumb.shaft,TOOL,measuring,Shaft plumbing kit,ערכת אנך לפיר,طقم شاقول البئر,,,
Elevators & escalators,lf.tool.tension.meter,TOOL,measuring,Rope tension meter,מד מתיחות כבלים,مقياس شد الحبال,,,
Landscape & paving,ls.paver.interlock,MATERIAL,finishes,Interlock paver,אבן משתלבת,بلاط انترلوك,,,
Landscape & paving,ls.kerb.concrete,MATERIAL,masonry,Concrete kerb,אבן שפה,بردورة باطون,,,
Landscape & paving,ls.tactile.paving,MATERIAL,finishes,Tactile warning paving,ריצוף אזהרה מישושי,بلاط تحذير ملموس,,,
Landscape & paving,ls.irrigation.dripline,MATERIAL,pipes,Drip irrigation line,טפטפות,خط ري بالتنقيط,,,
Landscape & paving,ls.irrigation.controller,MATERIAL,controls,Irrigation controller,בקר השקיה,وحدة تحكم الري,,,
Landscape & paving,ls.topsoil,MATERIAL,aggregates,Topsoil,אדמת גן,تربة زراعية,,,
Landscape & paving,ls.tree.stake,MATERIAL,timber,Tree stake and tie,סמוכה לעץ,دعامة شجرة,,,
Landscape & paving,ls.tool.compactor.paving,TOOL,site-equipment,Paving compactor with pad,מהדק לריצוף עם רפידה,دكّاكة بلاط مع لبادة,,,
Landscape & paving,ls.tool.splitter.block,TOOL,hand-tools,Block splitter,מפצל אבן משתלבת,مقصلة انترلوك,,,
General construction,ge.cement.portland,MATERIAL,binders,"Portland cement, 50 kg","מלט פורטלנד, 50 ק״ג",إسمنت بورتلاندي، 50 كغ,,,
General construction,ge.sand.washed,MATERIAL,aggregates,Washed sand,חול רחוץ,رمل مغسول,,,
General construction,ge.gravel.20,MATERIAL,aggregates,Gravel 20 mm,חצץ 20 מ״מ,حصى 20 ملم,,,
General construction,ge.concrete.b30,MATERIAL,concrete,Ready-mix concrete B30,בטון מובא ב־30,باطون جاهز ب-30,,,
General construction,ge.block.concrete.20,MATERIAL,masonry,Concrete block 20 cm,בלוק בטון 20 ס״מ,بلوك باطون 20 سم,,,
General construction,ge.block.ytong.10,MATERIAL,masonry,Aerated concrete block 10 cm,בלוק איטונג 10 ס״מ,بلوك خرساني خلوي 10 سم,,,
General construction,ge.rebar.12,MATERIAL,reinforcement,Reinforcing bar Ø12 mm,מוט זיון קוטר 12 מ״מ,حديد تسليح قطر 12 ملم,,,
General construction,ge.mesh.reinforcement,MATERIAL,reinforcement,Reinforcement mesh,רשת זיון,شبك تسليح,,,
General construction,ge.plaster.base,MATERIAL,finishes,Base coat plaster,טיח שכבה ראשונה,قصارة الطبقة الأولى,,,
General construction,ge.tile.adhesive,MATERIAL,finishes,Tile adhesive C2TE,דבק אריחים C2TE,غراء بلاط C2TE,,,
General construction,ge.grout,MATERIAL,finishes,Tile grout,רובה לאריחים,روبة للبلاط,,,
General construction,ge.tile.porcelain.60,MATERIAL,finishes,Porcelain tile 60×60,אריח פורצלן 60×60,بلاط بورسلان 60×60,,,
General construction,ge.waterproof.bitumen,MATERIAL,waterproofing,Bituminous waterproofing membrane,יריעת איטום ביטומנית,لفافة عزل مائي بيتومينية,,,
General construction,ge.waterproof.cement,MATERIAL,waterproofing,Cementitious waterproofing,איטום צמנטי,عزل مائي إسمنتي,,,
General construction,ge.tool.mixer,TOOL,power-tools,Concrete mixer,מערבל בטון,خلاطة باطون,,,
General construction,ge.tool.angle_grinder,TOOL,power-tools,Angle grinder 230 mm,משחזת זווית 230 מ״מ,جلاخة زاوية 230 ملم,,,
General construction,ge.tool.breaker,TOOL,power-tools,Demolition breaker,פטיש חוצב,مطرقة هدم,,,
General construction,ge.tool.trowel,TOOL,hand-tools,Brick trowel,כף בנאי,مالج بنّاء,,,
General construction,ge.tool.level.spirit,TOOL,measuring,Spirit level 120 cm,פלס 120 ס״מ,ميزان ماء 120 سم,,,
General construction,ge.tool.laser_level,TOOL,measuring,Cross-line laser level,מפלס לייזר צלב,ميزان ليزر صليبي,,,
General construction,ge.tool.tape.8m,TOOL,measuring,Tape measure 8 m,סרט מדידה 8 מ׳,شريط قياس 8 م,,,
General construction,ge.tool.wheelbarrow,TOOL,site-equipment,Wheelbarrow,מריצה,عربة يد,,,
General construction,ge.tool.chalk_line,TOOL,hand-tools,Chalk line,חוט סימון,خيط تعليم,,,
General construction,ge.access.scaffold.frame,MATERIAL,access,Scaffold frame section,מסגרת פיגום,إطار سقالة,,,
General construction,ge.access.ladder.extension,MATERIAL,access,Extension ladder,סולם הארכה,سلّم تمديد,,,
General construction,ge.safety.helmet,SAFETY,ppe,Safety helmet,קסדת מגן,خوذة أمان,,,
General construction,ge.safety.boots,SAFETY,ppe,Safety boots S3,נעלי בטיחות S3,حذاء أمان S3,,,
General construction,ge.safety.vest,SAFETY,ppe,High-visibility vest,אפוד זוהר,سترة عاكسة,,,
General construction,ge.safety.harness,SAFETY,ppe,Full body harness and lanyard,רתמת בטיחות מלאה וחבל קשירה,حزام أمان كامل مع حبل ربط,,,
General construction,ge.safety.ear_plugs,SAFETY,ppe,Ear plugs,אטמי אוזניים,سدادات أذن,,,
General construction,ge.safety.first_aid,SAFETY,site-equipment,Site first aid kit,ערכת עזרה ראשונה לאתר,حقيبة إسعاف أولي للموقع,,,
General construction,ge.safety.fire_extinguisher,SAFETY,site-equipment,Fire extinguisher 6 kg,מטף כיבוי 6 ק״ג,طفاية حريق 6 كغ,,,
