trade,kind,id,context,english,hebrew_draft,arabic_draft,hebrew_yours,arabic_yours
Electrical,checklist title,sf.el.loto,must be done before work,Isolation and lockout before work,ניתוק ונעילה לפני תחילת עבודה,العزل والإقفال قبل بدء العمل,,
Electrical,safety check,sf.el.loto.1,CRITICAL — blocks sign-off,Circuit identified on the board and its feed traced,המעגל זוהה בלוח ומקור ההזנה אותר,تم تحديد الدائرة في اللوحة وتتبّع مصدر التغذية,,
Electrical,safety check,sf.el.loto.2,CRITICAL — blocks sign-off,Supply switched off and locked with a personal padlock,ההזנה נותקה וננעלה במנעול אישי,تم فصل التغذية وإقفالها بقفل شخصي,,
Electrical,safety check,sf.el.loto.3,CRITICAL — blocks sign-off,"Warning tag fitted with name, date and contact number","תווית אזהרה עם שם, תאריך ומספר טלפון הוצמדה",تم تثبيت بطاقة تحذير باسم وتاريخ ورقم هاتف,,
Electrical,safety check,sf.el.loto.4,CRITICAL — blocks sign-off,Voltage tester proved on a known live source before and after testing,בודק המתח נבדק על מקור חי ידוע לפני הבדיקה ואחריה,تم فحص كاشف الجهد على مصدر حي معروف قبل الفحص وبعده,,
Electrical,safety check,sf.el.loto.5,CRITICAL — blocks sign-off,Absence of voltage proved at the point of work on every conductor,היעדר מתח הוכח בנקודת העבודה בכל מוליך,تم إثبات انعدام الجهد في نقطة العمل على كل موصل,,
Electrical,safety check,sf.el.loto.6,,Others on site told which circuit is out and for how long,העובדים באתר עודכנו איזה מעגל מנותק ולכמה זמן,أُبلغ العاملون في الموقع بالدائرة المفصولة ومدة الفصل,,
Electrical,checklist title,sf.el.ppe,must be done before work,Personal protective equipment,ציוד מגן אישי,معدات الوقاية الشخصية,,
Electrical,safety check,sf.el.ppe.1,CRITICAL — blocks sign-off,Insulating gloves inspected for holes and in date,כפפות מבודדות נבדקו לחורים ובתוקף,تم فحص القفازات العازلة من الثقوب وصلاحيتها سارية,,
Electrical,safety check,sf.el.ppe.2,CRITICAL — blocks sign-off,Face and eye protection worn for board work,מגן פנים ועיניים נלבש לעבודה בלוח,واقي الوجه والعينين مُرتدى للعمل في اللوحة,,
Electrical,safety check,sf.el.ppe.3,,"No metal watch, ring or chain worn","אין שעון, טבעת או שרשרת ממתכת",لا ساعة أو خاتم أو سلسلة معدنية,,
Electrical,safety check,sf.el.ppe.4,,Hand tools carry a valid 1000 V insulation rating,כלי היד מדורגים לבידוד 1000 וולט בתוקף,الأدوات اليدوية مصنّفة لعزل 1000 فولت وسارية,,
Electrical,checklist title,sf.el.handover,,Testing before energising and handover,בדיקות לפני הפעלה ומסירה,الفحوص قبل التشغيل والتسليم,,
Electrical,safety check,sf.el.hand.1,CRITICAL — blocks sign-off,Earth continuity measured and recorded on every circuit,רציפות הארקה נמדדה ותועדה בכל מעגל,تم قياس وتوثيق استمرارية التأريض في كل دائرة,,
Electrical,safety check,sf.el.hand.2,CRITICAL — blocks sign-off,Insulation resistance tested and the reading recorded,התנגדות הבידוד נבדקה והתוצאה תועדה,تم فحص مقاومة العزل وتوثيق القراءة,,
Electrical,safety check,sf.el.hand.3,CRITICAL — blocks sign-off,RCD test button and trip time verified,לחצן הבדיקה של מפסק הפחת וזמן הניתוק נבדקו,تم فحص زر اختبار قاطع التسرّب وزمن الفصل,,
Electrical,safety check,sf.el.hand.4,,Board legend written in the client's language,מקרא הלוח נכתב בשפת הלקוח,تمت كتابة دليل اللوحة بلغة الزبون,,
Electrical,safety check,sf.el.hand.5,,Test certificate signed by a licensed electrician,תעודת הבדיקה נחתמה בידי חשמלאי בעל רישיון,شهادة الفحص موقّعة من كهربائي مرخّص,,
Electrical,template name,tpl.el.apartment_wiring,,Apartment electrical first fix,חשמל דירה — שלב ראשון,كهرباء شقة — المرحلة الأولى,,
Electrical,template description,tpl.el.apartment_wiring,,"Chasing, conduit, boxes and cable pulling for a 4-room apartment.","חריצה, צנרת, קופסאות ומשיכת כבלים לדירת 4 חדרים.",تخديد وتمديد وعلب وسحب كابلات لشقة من 4 غرف.,,
Electrical,template task,tpl.el.aw.1,step 1,Mark out points with the client,סימון נקודות מול הלקוח,تعليم النقاط مع الزبون,,
Electrical,template task,tpl.el.aw.2,step 2,Chase walls and cut boxes,חריצת קירות וקדיחת קופסאות,تخديد الجدران وقص العلب,,
Electrical,template task,tpl.el.aw.3,step 3,Lay conduit and set boxes,הנחת צנרת והתקנת קופסאות,تمديد الأنابيب وتركيب العلب,,
Electrical,template task,tpl.el.aw.4,step 4,Pull cables and label both ends,משיכת כבלים וסימון שני הקצוות,سحب الكابلات وتعليم الطرفين,,
Electrical,template task,tpl.el.aw.5,step 5,Photograph runs before plastering,צילום המסלולים לפני טיח,تصوير المسارات قبل القصارة,,
Electrical,template name,tpl.el.board_replace,,Distribution board replacement,החלפת לוח חשמל,استبدال لوحة التوزيع,,
Electrical,template description,tpl.el.board_replace,,Swap an old board for a DIN board with RCD protection and testing.,החלפת לוח ישן בלוח DIN עם מפסק פחת ובדיקות.,استبدال لوحة قديمة بلوحة DIN مع قاطع تسرّب وفحوص.,,
Electrical,template task,tpl.el.br.1,step 1,Agree the outage window with the occupants,תיאום חלון הפסקת חשמל עם הדיירים,الاتفاق على وقت انقطاع الكهرباء مع السكان,,
Electrical,template task,tpl.el.br.2,step 2,"Isolate, lock off and prove dead","ניתוק, נעילה והוכחת היעדר מתח",العزل والإقفال وإثبات انعدام الجهد,,
Electrical,template task,tpl.el.br.3,step 3,Transfer circuits and label the legend,העברת מעגלים וכתיבת מקרא,نقل الدوائر وكتابة الدليل,,
Electrical,template task,tpl.el.br.4,step 4,"Test, energise and hand over the certificate","בדיקות, הפעלה ומסירת תעודה",الفحوص والتشغيل وتسليم الشهادة,,
Plumbing,checklist title,sf.pl.confined,must be done before work,Confined space entry,כניסה לחלל מוקף,الدخول إلى مكان مغلق,,
Plumbing,safety check,sf.pl.cf.1,CRITICAL — blocks sign-off,Entry permit issued and signed by the supervisor,היתר כניסה הונפק ונחתם בידי הממונה,تصريح الدخول صادر وموقّع من المشرف,,
Plumbing,safety check,sf.pl.cf.2,CRITICAL — blocks sign-off,"Atmosphere tested for oxygen, CO, H2S and flammables","האטמוספרה נבדקה לחמצן, CO, ‏H2S וגזים דליקים",تم فحص الجو للأكسجين وأول أكسيد الكربون وكبريتيد الهيدروجين والغازات القابلة للاشتعال,,
Plumbing,safety check,sf.pl.cf.3,CRITICAL — blocks sign-off,Forced ventilation running before and during entry,אוורור מאולץ פועל לפני הכניסה ובמהלכה,التهوية القسرية تعمل قبل الدخول وأثناءه,,
Plumbing,safety check,sf.pl.cf.4,CRITICAL — blocks sign-off,Attendant posted outside with rescue equipment and a means to call help,משגיח ניצב בחוץ עם ציוד חילוץ ואמצעי לקריאת עזרה,مراقب متواجد بالخارج مع معدات إنقاذ ووسيلة لطلب المساعدة,,
Plumbing,safety check,sf.pl.cf.5,,Harness and retrieval line worn by the entrant,הנכנס חובש רתמה וחבל חילוץ,الداخل يرتدي حزامًا وحبل استرجاع,,
Plumbing,checklist title,sf.pl.hotwork,must be done before work,Hot work — brazing and soldering,עבודה חמה — הלחמה וריתוך,عمل ساخن — لحام,,
Plumbing,safety check,sf.pl.hw.1,CRITICAL — blocks sign-off,Hot work permit issued for the shift,היתר עבודה חמה הונפק למשמרת,تصريح عمل ساخن صادر للمناوبة,,
Plumbing,safety check,sf.pl.hw.2,CRITICAL — blocks sign-off,Combustibles cleared or covered within 10 m,חומרים דליקים פונו או כוסו ברדיוס 10 מ׳,أُزيلت المواد القابلة للاشتعال أو غُطّيت ضمن 10 م,,
Plumbing,safety check,sf.pl.hw.3,CRITICAL — blocks sign-off,Fire extinguisher within reach and known to work,מטף כיבוי בהישג יד ותקין,طفاية الحريق في متناول اليد وصالحة,,
Plumbing,safety check,sf.pl.hw.4,CRITICAL — blocks sign-off,Fire watch kept for 30 minutes after the last flame,שמירת אש 30 דקות אחרי כיבוי הלהבה האחרונה,مراقبة الحريق 30 دقيقة بعد إطفاء آخر لهب,,
Plumbing,safety check,sf.pl.hw.5,,Gas cylinder secured upright and hoses checked,בלון הגז מאובטח זקוף והצינורות נבדקו,أسطوانة الغاز مثبّتة عموديًا والخراطيم مفحوصة,,
Plumbing,checklist title,sf.pl.handover,,Pressure test and handover,בדיקת אטימות ומסירה,اختبار الضغط والتسليم,,
Plumbing,safety check,sf.pl.ho.1,CRITICAL — blocks sign-off,Pressure test held for the required period and recorded,בדיקת הלחץ הוחזקה למשך הזמן הנדרש ותועדה,تم إبقاء اختبار الضغط للمدة المطلوبة وتوثيقه,,
Plumbing,safety check,sf.pl.ho.2,CRITICAL — blocks sign-off,Drainage falls checked and a flow test run,שיפועי הניקוז נבדקו ובוצעה בדיקת זרימה,تم فحص ميول الصرف وإجراء اختبار تدفق,,
Plumbing,safety check,sf.pl.ho.3,,Concealed pipe runs photographed before closing walls,צנרת סמויה צולמה לפני סגירת הקירות,تم تصوير الأنابيب المخفية قبل إغلاق الجدران,,
Plumbing,safety check,sf.pl.ho.4,,Isolating valves labelled and shown to the client,ברזי הניתוק סומנו והוצגו ללקוח,محابس العزل مُعلَّمة وعُرضت على الزبون,,
Plumbing,template name,tpl.pl.bathroom,,Bathroom plumbing rough-in,אינסטלציה לחדר רחצה — שלב ראשון,سباكة حمّام — المرحلة الأولى,,
Plumbing,template description,tpl.pl.bathroom,,"Water and waste rough-in for one bathroom, tested before tiling.","צנרת מים ודלוחין לחדר רחצה אחד, נבדקת לפני ריצוף.",تمديد المياه والصرف لحمّام واحد، يُفحص قبل التبليط.,,
Plumbing,template task,tpl.pl.bt.1,step 1,Set out fixture positions,סימון מיקומי כלים סניטריים,تعليم مواقع الأدوات الصحية,,
Plumbing,template task,tpl.pl.bt.2,step 2,Run waste with correct falls,הנחת דלוחין בשיפועים נכונים,تمديد الصرف بميول صحيحة,,
Plumbing,template task,tpl.pl.bt.3,step 3,Run water lines to the manifold,הנחת קווי מים למחלק,تمديد خطوط المياه إلى الموزّع,,
Plumbing,template task,tpl.pl.bt.4,step 4,Pressure test and photograph before closing,בדיקת אטימות וצילום לפני סגירה,اختبار الضغط والتصوير قبل الإغلاق,,
Plumbing,template name,tpl.pl.heater,,Water heater replacement,החלפת דוד חשמל,استبدال سخان المياه,,
Plumbing,template description,tpl.pl.heater,,Remove and replace a domestic cylinder with new safety valve.,פירוק והתקנת דוד ביתי עם שסתום ביטחון חדש.,فك وتركيب سخان منزلي مع صمام أمان جديد.,,
Plumbing,template task,tpl.pl.hr.1,step 1,"Isolate water and electricity, drain the cylinder","ניתוק מים וחשמל, ריקון הדוד",فصل الماء والكهرباء وتفريغ السخان,,
Plumbing,template task,tpl.pl.hr.2,step 2,Remove old unit and check the bracket,פירוק הדוד הישן ובדיקת המתלה,فك السخان القديم وفحص الحامل,,
Plumbing,template task,tpl.pl.hr.3,step 3,"Fit new cylinder, safety valve and connections","התקנת דוד חדש, שסתום ביטחון וחיבורים",تركيب السخان الجديد وصمام الأمان والتوصيلات,,
Plumbing,template task,tpl.pl.hr.4,step 4,"Fill, vent, check for leaks and restore power","מילוי, שחרור אוויר, בדיקת נזילות והחזרת חשמל",التعبئة وتنفيس الهواء وفحص التسريب وإعادة الكهرباء,,
HVAC & Refrigeration,checklist title,sf.hv.refrigerant,must be done before work,Refrigerant handling,טיפול בגז קירור,التعامل مع غاز التبريد,,
HVAC & Refrigeration,safety check,sf.hv.rf.1,CRITICAL — blocks sign-off,Refrigerant type confirmed against the unit nameplate,סוג הגז אומת מול לוחית היצרן של היחידה,تم التأكد من نوع الغاز مقابل لوحة بيانات الوحدة,,
HVAC & Refrigeration,safety check,sf.hv.rf.2,CRITICAL — blocks sign-off,Refrigerant recovered to a rated cylinder — never vented,הגז נשאב למכל מאושר — לא שוחרר לאוויר,تم استرجاع الغاز إلى أسطوانة معتمدة — ولم يُطلق في الهواء,,
HVAC & Refrigeration,safety check,sf.hv.rf.3,CRITICAL — blocks sign-off,Goggles and cold-resistant gloves worn while the circuit is open,משקפי מגן וכפפות עמידות לקור בזמן שהמעגל פתוח,نظارات واقية وقفازات مقاومة للبرودة أثناء فتح الدائرة,,
HVAC & Refrigeration,safety check,sf.hv.rf.4,CRITICAL — blocks sign-off,Space ventilated; A2L refrigerants kept away from ignition sources,החלל מאוורר; גזי A2L מורחקים ממקורות הצתה,المكان مهوّى؛ غازات A2L بعيدة عن مصادر الاشتعال,,
HVAC & Refrigeration,safety check,sf.hv.rf.5,,Charge weighed and the figure written on the service record,כמות הגז נשקלה והערך נרשם בכרטיס השירות,تم وزن كمية الغاز وتسجيل القيمة في بطاقة الخدمة,,
HVAC & Refrigeration,checklist title,sf.hv.electrical,must be done before work,Electrical safety on the unit,בטיחות חשמל ביחידה,السلامة الكهربائية للوحدة,,
HVAC & Refrigeration,safety check,sf.hv.el.1,CRITICAL — blocks sign-off,Unit isolated at its own breaker and locked off,היחידה נותקה במא״ז הייעודי וננעלה,تم عزل الوحدة عند قاطعها الخاص وإقفالها,,
HVAC & Refrigeration,safety check,sf.hv.el.2,CRITICAL — blocks sign-off,Capacitors discharged before touching the board,הקבלים פורקו לפני נגיעה בכרטיס,تم تفريغ المكثّفات قبل لمس اللوحة,,
HVAC & Refrigeration,safety check,sf.hv.el.3,,Outdoor unit earthing continuity checked,רציפות ההארקה של היחידה החיצונית נבדקה,تم فحص استمرارية تأريض الوحدة الخارجية,,
HVAC & Refrigeration,checklist title,sf.hv.height,must be done before work,Ladder and roof access,עבודה בסולם ובגישה לגג,العمل بالسلّم والوصول إلى السطح,,
HVAC & Refrigeration,safety check,sf.hv.ht.1,CRITICAL — blocks sign-off,Work above 2 m done only by a certified worker,עבודה מעל 2 מ׳ מבוצעת רק בידי עובד מוסמך,العمل فوق 2 م يُنفَّذ فقط بواسطة عامل مؤهّل,,
HVAC & Refrigeration,safety check,sf.hv.ht.2,CRITICAL — blocks sign-off,"Ladder footed on firm ground, tied, at a 1:4 angle","הסולם ניצב על משטח יציב, קשור, בזווית 1:4",السلّم على أرض ثابتة، مربوط، بزاوية 1:4,,
HVAC & Refrigeration,safety check,sf.hv.ht.3,CRITICAL — blocks sign-off,Roof edge protection or harness with a verified anchor,הגנת קצה בגג או רתמה עם נקודת עיגון מאומתת,حماية حافة السطح أو حزام مع نقطة تثبيت متحقّق منها,,
HVAC & Refrigeration,safety check,sf.hv.ht.4,,"Tools raised and lowered by line, never carried on a ladder","כלים מועלים ומורדים בחבל, לא נישאים בסולם",تُرفع الأدوات وتُنزل بالحبل، لا تُحمل على السلّم,,
HVAC & Refrigeration,template name,tpl.hv.split_install,,Split unit installation,התקנת מזגן עילי,تركيب مكيّف سبليت,,
HVAC & Refrigeration,template description,tpl.hv.split_install,,"Indoor and outdoor unit, lines, drain and commissioning.","יחידה פנימית וחיצונית, צנרת, ניקוז והפעלה.",وحدة داخلية وخارجية وأنابيب وتصريف وتشغيل.,,
HVAC & Refrigeration,template task,tpl.hv.si.1,step 1,Agree unit positions and core drilling,תיאום מיקום היחידות וקידוח מעבר,الاتفاق على مواقع الوحدات وثقب العبور,,
HVAC & Refrigeration,template task,tpl.hv.si.2,step 2,Mount brackets and run lines,התקנת מתלים והנחת צנרת,تركيب الحوامل وتمديد الأنابيب,,
HVAC & Refrigeration,template task,tpl.hv.si.3,step 3,"Flare, connect and leak test","פלייר, חיבור ובדיקת דליפות",التفليج والتوصيل وفحص التسرّب,,
HVAC & Refrigeration,template task,tpl.hv.si.4,step 4,Evacuate to 500 microns and charge by weight,ואקום עד 500 מיקרון ומילוי לפי משקל,التفريغ حتى 500 ميكرون والشحن بالوزن,,
HVAC & Refrigeration,template task,tpl.hv.si.5,step 5,"Run test, record currents, show the client the filter","הרצת בדיקה, רישום זרמים, הדגמת המסנן ללקוח",تشغيل تجريبي وتسجيل التيارات وعرض الفلتر على الزبون,,
HVAC & Refrigeration,template name,tpl.hv.service,,Seasonal service visit,טיפול תקופתי,زيارة صيانة موسمية,,
HVAC & Refrigeration,template description,tpl.hv.service,,"Filter, coil, drain and electrical check on an installed system.","מסנן, סוללה, ניקוז ובדיקת חשמל במערכת קיימת.",الفلتر والملف والتصريف وفحص كهربائي لنظام قائم.,,
HVAC & Refrigeration,template task,tpl.hv.sv.1,step 1,Clean or replace filters,ניקוי או החלפת מסננים,تنظيف أو استبدال الفلاتر,,
HVAC & Refrigeration,template task,tpl.hv.sv.2,step 2,Wash coils and clear the condensate line,שטיפת סוללות ופתיחת קו הניקוז,غسل الملفات وتسليك خط التصريف,,
HVAC & Refrigeration,template task,tpl.hv.sv.3,step 3,Measure running current and delta-T,מדידת זרם עבודה והפרש טמפרטורות,قياس تيار التشغيل وفرق الحرارة,,
HVAC & Refrigeration,template task,tpl.hv.sv.4,step 4,Record readings on the service card,רישום המדידות בכרטיס השירות,تسجيل القياسات في بطاقة الخدمة,,
Painting,checklist title,sf.pa.ventilation,must be done before work,Ventilation and respiratory protection,אוורור והגנה נשימתית,التهوية وحماية الجهاز التنفسي,,
Painting,safety check,sf.pa.vn.1,CRITICAL — blocks sign-off,"Cross ventilation opened, or forced extraction running","אוורור צולב נפתח, או שאיבה מאולצת פועלת",تم فتح تهوية متقاطعة أو تشغيل شفط قسري,,
Painting,safety check,sf.pa.vn.2,CRITICAL — blocks sign-off,A2-P3 respirator worn for spraying and for solvent paints,מסכת A2-P3 נלבשת בריסוס ובצבעי ממס,كمّامة A2-P3 مُرتداة عند الرش ودهانات المذيبات,,
Painting,safety check,sf.pa.vn.3,CRITICAL — blocks sign-off,"No ignition source, smoking or hot work while solvents are open","אין מקור הצתה, עישון או עבודה חמה בזמן שממסים פתוחים",لا مصدر اشتعال ولا تدخين ولا عمل ساخن أثناء فتح المذيبات,,
Painting,safety check,sf.pa.vn.4,,Solvents and thinners stored outside the occupied room,ממסים ומדללים מאוחסנים מחוץ לחדר שבו עובדים,تُخزَّن المذيبات والمخفّفات خارج الغرفة المشغولة,,
Painting,safety check,sf.pa.vn.5,,Safety data sheet available for every product on site,גיליון בטיחות זמין לכל מוצר באתר,صحيفة بيانات السلامة متوفرة لكل منتج في الموقع,,
Painting,checklist title,sf.pa.access,must be done before work,Ladders and working platforms,סולמות ומשטחי עבודה,السلالم ومنصّات العمل,,
Painting,safety check,sf.pa.ac.1,CRITICAL — blocks sign-off,Ladder or platform on level ground with feet locked,סולם או משטח על קרקע ישרה עם רגליים נעולות,السلّم أو المنصّة على أرض مستوية مع أقدام مثبّتة,,
Painting,safety check,sf.pa.ac.2,CRITICAL — blocks sign-off,No standing on the top two steps of a step ladder,אין לעמוד על שני השלבים העליונים של סולם א׳,ممنوع الوقوف على آخر درجتين من السلّم,,
Painting,safety check,sf.pa.ac.3,,Extension pole used instead of a ladder wherever the reach allows,מוט הארכה משמש במקום סולם בכל מקום שההישג מאפשר,تُستخدم عصا التمديد بدل السلّم حيثما أمكن الوصول,,
Painting,safety check,sf.pa.ac.4,,"Floor kept clear of tins, sheeting and trailing leads","הרצפה נקייה מפחיות, יריעות וכבלים נגררים",الأرضية خالية من العلب والنايلون والكابلات المتدلّية,,
Painting,checklist title,sf.pa.spray,,Airless spraying,ריסוס אירלס,الرش بدون هواء,,
Painting,safety check,sf.pa.sp.1,CRITICAL — blocks sign-off,Trigger lock engaged whenever the gun is not in use,נעילת ההדק מופעלת בכל רגע שהאקדח אינו בשימוש,قفل الزناد مفعّل كلما لم يكن المسدس قيد الاستخدام,,
Painting,safety check,sf.pa.sp.2,CRITICAL — blocks sign-off,Pressure released before removing the tip or a hose,הלחץ שוחרר לפני הסרת פייה או צינור,تم تحرير الضغط قبل إزالة الرأس أو الخرطوم,,
Painting,safety check,sf.pa.sp.3,CRITICAL — blocks sign-off,Everyone knows an injection injury needs immediate hospital care,כולם יודעים שפציעת הזרקה מחייבת פינוי מיידי לבית חולים,الجميع يعلم أن إصابة الحقن تستوجب نقلًا فوريًا للمستشفى,,
Painting,safety check,sf.pa.sp.4,,"Adjacent surfaces, windows and cars masked against overspray","משטחים סמוכים, חלונות ומכוניות מוסככו מפני נדף",الأسطح المجاورة والنوافذ والسيارات مغطّاة ضد الرذاذ,,
Painting,template name,tpl.pa.room_repaint,,Room repaint,צביעת חדר מחדש,إعادة دهان غرفة,,
Painting,template description,tpl.pa.room_repaint,,"Prepare, fill, prime and two coats on walls and ceiling.","הכנה, שפכטל, יסוד ושתי שכבות לקירות ולתקרה.",تحضير ومعجون وأساس وطبقتان للجدران والسقف.,,
Painting,template task,tpl.pa.rr.1,step 1,"Cover floor and furniture, mask edges","כיסוי רצפה וריהוט, מיסוך קצוות",تغطية الأرضية والأثاث وتغطية الحواف,,
Painting,template task,tpl.pa.rr.2,step 2,Fill cracks and sand back,מילוי סדקים וליטוש,ملء الشقوق والصنفرة,,
Painting,template task,tpl.pa.rr.3,step 3,Prime patched areas,יסוד על אזורים מתוקנים,أساس على المناطق المرمّمة,,
Painting,template task,tpl.pa.rr.4,step 4,"Two finish coats, checked under raking light","שתי שכבות גמר, נבדקות בתאורה משיקה",طبقتا تشطيب، تُفحصان بإضاءة مائلة,,
Painting,template task,tpl.pa.rr.5,step 5,Remove masking and hand the room back clean,הסרת מיסוך ומסירת החדר נקי,إزالة التغطية وتسليم الغرفة نظيفة,,
Painting,template name,tpl.pa.exterior,,Building exterior repaint,צביעת חזית בניין,إعادة دهان واجهة مبنى,,
Painting,template description,tpl.pa.exterior,,"Wash, repair, prime and coat an external elevation from scaffold.","שטיפה, תיקון, יסוד וצבע לחזית מפיגום.",غسل وترميم وأساس ودهان لواجهة من السقالة.,,
Painting,template task,tpl.pa.ex.1,step 1,Scaffold inspected and tagged,פיגום נבדק ותויג,السقالة مفحوصة وموسومة,,
Painting,template task,tpl.pa.ex.2,step 2,Pressure wash and let dry,שטיפה בלחץ וייבוש,غسل بالضغط والتجفيف,,
Painting,template task,tpl.pa.ex.3,step 3,Repair cracks and render,תיקון סדקים וטיח,ترميم الشقوق والقصارة,,
Painting,template task,tpl.pa.ex.4,step 4,Prime and apply two coats,יסוד ושתי שכבות צבע,أساس وطبقتا دهان,,
Carpentry,checklist title,sf.ca.machine,must be done before work,Machine guarding and set-up,מיגון מכונות והתקנה,حماية الآلات والإعداد,,
Carpentry,safety check,sf.ca.mc.1,CRITICAL — blocks sign-off,All guards fitted; riving knife aligned on the saw,כל המגנים מותקנים; סכין מפצל מיושר במסור,جميع الواقيات مركّبة؛ سكين الشق محاذٍ في المنشار,,
Carpentry,safety check,sf.ca.mc.2,CRITICAL — blocks sign-off,Push stick used for every cut narrower than 150 mm,מוט דחיפה בכל חיתוך צר מ־150 מ״מ,تُستخدم عصا الدفع في كل قطع أضيق من 150 ملم,,
Carpentry,safety check,sf.ca.mc.3,CRITICAL — blocks sign-off,Blade unplugged before any change or adjustment,הכלי מנותק מהחשמל לפני החלפת להב או כוונון,الأداة مفصولة عن الكهرباء قبل تغيير الشفرة أو الضبط,,
Carpentry,safety check,sf.ca.mc.4,,"Workpiece clamped, never held by hand near the blade","פריט העבודה מהודק, לא מוחזק ביד ליד הלהב",القطعة مثبّتة، ولا تُمسك باليد قرب الشفرة,,
Carpentry,safety check,sf.ca.mc.5,,"Loose sleeves, gloves and jewellery removed at the machine","שרוולים רפויים, כפפות ותכשיטים הוסרו ליד המכונה",أُزيلت الأكمام الفضفاضة والقفازات والحلي عند الآلة,,
Carpentry,checklist title,sf.ca.dust,must be done before work,Wood dust and noise,אבק עץ ורעש,غبار الخشب والضجيج,,
Carpentry,safety check,sf.ca.ds.1,CRITICAL — blocks sign-off,Dust extraction connected and running at every cutting tool,שאיבת אבק מחוברת ופועלת בכל כלי חיתוך,شفط الغبار موصول ويعمل عند كل أداة قص,,
Carpentry,safety check,sf.ca.ds.2,CRITICAL — blocks sign-off,FFP2 mask worn when cutting MDF or sanding,מסכת FFP2 נלבשת בחיתוך MDF ובליטוש,كمّامة FFP2 مُرتداة عند قص MDF أو الصنفرة,,
Carpentry,safety check,sf.ca.ds.3,CRITICAL — blocks sign-off,"Hearing protection worn near saw, router and planer","מגן שמיעה נלבש ליד מסור, ראוטר ומקצוע",واقي السمع مُرتدى قرب المنشار والراوتر والمسحاج,,
Carpentry,safety check,sf.ca.ds.4,,Offcuts and shavings cleared; no dry sweeping of fine dust,שאריות ונסורת מפונות; אין לטאטא אבק דק ביבש,تُزال القصاصات والنشارة؛ ممنوع كنس الغبار الناعم جافًا,,
Carpentry,checklist title,sf.ca.install,,Installation on site,התקנה באתר,التركيب في الموقع,,
Carpentry,safety check,sf.ca.in.1,CRITICAL — blocks sign-off,Wall scanned for cables and pipes before drilling,הקיר נסרק לאיתור כבלים וצנרת לפני קדיחה,تم مسح الجدار للكابلات والأنابيب قبل الثقب,,
Carpentry,safety check,sf.ca.in.2,CRITICAL — blocks sign-off,Tall units secured to the wall against tipping,יחידות גבוהות עוגנו לקיר נגד התהפכות,الوحدات العالية مثبّتة بالجدار ضد الانقلاب,,
Carpentry,safety check,sf.ca.in.3,,Two-person lift for any panel over 25 kg,הרמה בשניים לכל לוח מעל 25 ק״ג,الرفع بشخصين لأي لوح يزيد عن 25 كغ,,
Carpentry,template name,tpl.ca.kitchen,,Kitchen installation,התקנת מטבח,تركيب مطبخ,,
Carpentry,template description,tpl.ca.kitchen,,"Carcases, doors, worktop and hardware for a fitted kitchen.","גופים, דלתות, משטח ופרזול למטבח.",هياكل وأبواب وسطح عمل وإكسسوارات لمطبخ.,,
Carpentry,template task,tpl.ca.kt.1,step 1,Site survey and final measurements,מדידה סופית באתר,قياس نهائي في الموقع,,
Carpentry,template task,tpl.ca.kt.2,step 2,Cut and edge the carcases,ניסור וקינוט הגופים,قص وتحويف الهياكل,,
Carpentry,template task,tpl.ca.kt.3,step 3,Assemble and level base units,הרכבה ופילוס יחידות תחתונות,تجميع وتسوية الوحدات السفلية,,
Carpentry,template task,tpl.ca.kt.4,step 4,"Hang doors, fit drawers and handles","תליית דלתות, מגירות וידיות",تعليق الأبواب وتركيب الأدراج والمقابض,,
Carpentry,template task,tpl.ca.kt.5,step 5,"Coordinate worktop, sink and appliance cut-outs","תיאום משטח, כיור ופתחי מכשירים",تنسيق السطح والمغسلة وفتحات الأجهزة,,
Carpentry,template name,tpl.ca.wardrobe,,Built-in wardrobe,ארון קיר בהתאמה,خزانة حائط مفصّلة,,
Carpentry,template description,tpl.ca.wardrobe,,Floor-to-ceiling wardrobe with sliding or hinged doors.,ארון מהרצפה לתקרה עם דלתות הזזה או ציריות.,خزانة من الأرض للسقف بأبواب منزلقة أو مفصّلية.,,
Carpentry,template task,tpl.ca.wd.1,step 1,Check walls for plumb and square,בדיקת אנך וניצבות הקירות,فحص شاقولية وتعامد الجدران,,
Carpentry,template task,tpl.ca.wd.2,step 2,Build and scribe the carcase to the wall,בניית הגוף והתאמתו לקיר,بناء الهيكل وتطويعه للجدار,,
Carpentry,template task,tpl.ca.wd.3,step 3,"Fit internals, rails and shelves","התקנת פנים, מוטות ומדפים",تركيب الداخل والقضبان والرفوف,,
Carpentry,template task,tpl.ca.wd.4,step 4,Anchor to the wall and align doors,עיגון לקיר ויישור דלתות,التثبيت بالجدار ومحاذاة الأبواب,,
Earthworks & demolition,checklist title,sf.ew.services,must be done before work,Before breaking ground,לפני תחילת חפירה,قبل بدء الحفر,,
Earthworks & demolition,safety check,sf.ew.services.1,CRITICAL — blocks sign-off,"Utility drawings obtained and on site, not in an office","תוכניות תשתית התקבלו ונמצאות באתר, לא במשרד",مخططات الخدمات مستلمة وموجودة في الموقع، لا في المكتب,,
Earthworks & demolition,safety check,sf.ew.services.2,CRITICAL — blocks sign-off,Ground scanned with a cable avoidance tool along the whole line,הקרקע נסרקה בגלאי תשתיות לאורך כל הקו,الأرض ممسوحة بجهاز كشف الخدمات على طول الخط,,
Earthworks & demolition,safety check,sf.ew.services.3,CRITICAL — blocks sign-off,Live services marked on the ground and hand-dug to expose,תשתיות חיות סומנו על הקרקע ונחשפו בחפירת יד,الخدمات الحية معلّمة على الأرض ومكشوفة بالحفر اليدوي,,
Earthworks & demolition,safety check,sf.ew.services.4,,"Emergency numbers for gas, water and electricity to hand","מספרי חירום לגז, מים וחשמל זמינים",أرقام الطوارئ للغاز والماء والكهرباء بالمتناول,,
Earthworks & demolition,checklist title,sf.ew.trench,must be done before work,Entering an excavation,כניסה לחפירה,الدخول إلى الحفرة,,
Earthworks & demolition,safety check,sf.ew.trench.1,CRITICAL — blocks sign-off,"Sides supported, battered or benched — never left vertical and unsupported","הדפנות נתמכות, משופעות או מדורגות — לעולם לא אנכיות ללא תמיכה",الجوانب مدعومة أو مائلة أو مدرّجة — لا تُترك عمودية بلا دعم,,
Earthworks & demolition,safety check,sf.ew.trench.2,CRITICAL — blocks sign-off,Inspected today by a competent person and the register signed,נבדקה היום על ידי אדם מוסמך והפנקס נחתם,مفحوصة اليوم من قبل شخص مؤهل والسجل موقّع,,
Earthworks & demolition,safety check,sf.ew.trench.3,CRITICAL — blocks sign-off,Ladder or ramp within reach of anybody inside,סולם או רמפה בהישג יד לכל מי שבפנים,سلّم أو منحدر في متناول كل من في الداخل,,
Earthworks & demolition,safety check,sf.ew.trench.4,CRITICAL — blocks sign-off,"Spoil, plant and stored material set back from the edge","ערמות עפר, ציוד וחומר מאוחסן מרוחקים מהשפה",الأتربة والمعدات والمواد المخزّنة مُبعدة عن الحافة,,
Earthworks & demolition,safety check,sf.ew.trench.5,,Atmosphere tested where the trench is deep or near a drain,האטמוספרה נבדקה בחפירה עמוקה או ליד ביוב,الجو مفحوص في الحفرة العميقة أو قرب المجاري,,
Earthworks & demolition,template name,tpl.ew.foundation,,Foundation excavation and base,חפירת יסודות ומצע,حفر الأساسات والبيسة,,
Earthworks & demolition,template description,tpl.ew.foundation,,"Scanned, dug, supported and compacted, with the trench inspected before anybody enters it.","נסרק, נחפר, נתמך והודק, עם בדיקת התעלה לפני כניסת אדם.",ممسوح ومحفور ومدعوم ومدكوك، مع فحص الخندق قبل دخول أي شخص.,,
Earthworks & demolition,template task,tpl.ew.ft.1,step 1,Scan the line for services and hand-dig to expose what is found,סריקת הקו לאיתור תשתיות וחפירת יד לחשיפתן,مسح الخط للخدمات والحفر اليدوي لكشف ما يُوجد,,
Earthworks & demolition,template task,tpl.ew.ft.2,step 2,"Excavate to level, keeping spoil back from the edge","חפירה למפלס, עם ערמות מרוחקות מהשפה",الحفر للمنسوب مع إبعاد الأتربة عن الحافة,,
Earthworks & demolition,template task,tpl.ew.ft.3,step 3,Support the sides before anybody goes in,תמיכת הדפנות לפני כניסת אדם,دعم الجوانب قبل دخول أي شخص,,
Earthworks & demolition,template task,tpl.ew.ft.4,step 4,"Inspect and sign the register — daily, and after rain",בדיקה וחתימת הפנקס — יומית ואחרי גשם,الفحص وتوقيع السجل — يومياً وبعد المطر,,
Earthworks & demolition,template task,tpl.ew.ft.5,step 5,"Lay geotextile, drainage and base, then compact in layers","הנחת בד גיאוטכני, ניקוז ומצע, והידוק בשכבות",فرش الجيوتكستايل والتصريف والبيسة، ثم الدك بطبقات,,
Rebar & formwork,checklist title,sf.rb.impale,must be done before work,Projecting bar and impalement,מוטות בולטים וסכנת שיפוד,الحديد البارز وخطر الاختراق,,
Rebar & formwork,safety check,sf.rb.impale.1,CRITICAL — blocks sign-off,"Every upstanding bar capped, or the area is fenced off","כל מוט זקוף מכוסה, או שהאזור מגודר",كل قضيب قائم مغطّى، أو المنطقة مسيّجة,,
Rebar & formwork,safety check,sf.rb.impale.2,CRITICAL — blocks sign-off,No unprotected bar under any route anybody walks or works above,אין מוט לא מוגן מתחת למסלול הליכה או עבודה מעליו,لا قضيب غير محمي تحت أي مسار يمشي أو يعمل فوقه أحد,,
Rebar & formwork,safety check,sf.rb.impale.3,,"Gloves worn — tying wire ends cut, and the cuts get infected",כפפות מורכבות — קצוות חוט קשירה חותכים והפצעים מזדהמים,قفازات مرتداة — أطراف سلك الربط تجرح والجروح تلتهب,,
Rebar & formwork,checklist title,sf.rb.cover,must be done before work,Before the pour is called,לפני הזמנת היציקה,قبل طلب الصبّة,,
Rebar & formwork,safety check,sf.rb.cover.1,CRITICAL — blocks sign-off,Spacers in place so no bar is cast against the formwork,שומרי מרחק במקומם כך שאף מוט אינו נוצק צמוד לתבנית,الفواصل في مكانها فلا يُصبّ أي قضيب ملاصقاً للطوبار,,
Rebar & formwork,safety check,sf.rb.cover.2,CRITICAL — blocks sign-off,"Bar size, spacing and laps checked against the drawing","קוטר, מרווח וחפיפות נבדקו מול התוכנית",قطر الحديد والتباعد والتراكب مفحوصة مقابل المخطط,,
Rebar & formwork,safety check,sf.rb.cover.3,CRITICAL — blocks sign-off,"Conduit and sleeves cast in before the pour, not chased after","צנרת ושרוולים הוטמעו לפני היציקה, לא נחצבו אחריה",المواسير والأجربة مدفونة قبل الصب، لا تُفنّص بعده,,
Rebar & formwork,safety check,sf.rb.cover.4,,Formwork and props checked by a competent person,תבניות ותמוכות נבדקו על ידי אדם מוסמך,الطوبار والدعامات مفحوصة من قبل شخص مؤهل,,
Rebar & formwork,template name,tpl.rb.slab,,"Suspended slab, formwork and steel",תקרה — תבניות וברזל,سقف — طوبار وحديد,,
Rebar & formwork,template description,tpl.rb.slab,,"Formwork, propping and reinforcement, with everybody's conduit cast in before the pour.","תבניות, תמיכות וזיון, עם צנרת כולם מוטמעת לפני היציקה.",طوبار ودعامات وحديد، مع مواسير الجميع مدفونة قبل الصبّة.,,
Rebar & formwork,template task,tpl.rb.st.1,step 1,"Formwork and props to the design, checked by a competent person","תבניות ותמוכות לפי התכנון, בבדיקת אדם מוסמך",الطوبار والدعامات حسب التصميم، بفحص شخص مؤهل,,
Rebar & formwork,template task,tpl.rb.st.2,step 2,Bottom steel with spacers under every bar,ברזל תחתון עם שומרי מרחק מתחת לכל מוט,الحديد السفلي مع فواصل تحت كل قضيب,,
Rebar & formwork,template task,tpl.rb.st.3,step 3,"Call in every trade for the aqda — conduit, sleeves and drains","זימון כל בעלי המקצוע לעקדה — צנרת, שרוולים וניקוז",استدعاء كل المهن للعقدة — مواسير وأجربة وتصريف,,
Rebar & formwork,template task,tpl.rb.st.4,step 4,"Top steel, then walk the deck and cap every upstand","ברזל עליון, ואז מעבר על התקרה וכיסוי כל מוט זקוף",الحديد العلوي، ثم المرور على السقف وتغطية كل قضيب قائم,,
Rebar & formwork,template task,tpl.rb.st.5,step 5,Sign off cover and spacing before the pour is ordered,אישור כיסוי ומרווחים לפני הזמנת היציקה,اعتماد الغطاء والتباعد قبل طلب الصبّة,,
Concrete works,checklist title,sf.cn.pour,must be done before work,During a pour,במהלך יציקה,أثناء الصبّة,,
Concrete works,safety check,sf.cn.pour.1,CRITICAL — blocks sign-off,"Nobody under the skip, the boom or the hose at any time","אין איש מתחת לדלי, לזרוע או לצינור בשום שלב",لا أحد تحت الدلو أو الذراع أو الخرطوم في أي وقت,,
Concrete works,safety check,sf.cn.pour.2,CRITICAL — blocks sign-off,Formwork and props watched by a named person throughout,תבניות ותמוכות במעקב של אדם מוגדר לאורך היציקה,الطوبار والدعامات تحت مراقبة شخص محدّد طوال الصبّة,,
Concrete works,safety check,sf.cn.pour.3,CRITICAL — blocks sign-off,Eye protection and gloves worn — wet concrete burns,מגן עיניים וכפפות — בטון רטוב כווה,واقي العينين وقفازات — الباطون الرطب يحرق,,
Concrete works,safety check,sf.cn.pour.4,,"Slump taken off the truck before discharge, not after","בדיקת שקיעה נלקחה מהמערבל לפני פריקה, לא אחריה",فحص الهبوط مأخوذ من المكسر قبل التفريغ، لا بعده,,
Concrete works,safety check,sf.cn.pour.5,,No water added on the truck to make it flow,לא הוספו מים במערבל כדי לשפר זרימה,لم يُضف ماء على المكسر لتحسين السيولة,,
Structural steel,checklist title,sf.sw.hotwork,must be done before work,Welding and cutting,ריתוך וחיתוך,اللحام والقص,,
Structural steel,safety check,sf.sw.hotwork.1,CRITICAL — blocks sign-off,Hot work permit issued and in date,היתר עבודה חמה הונפק ובתוקף,تصريح شغل ساخن صادر وساري,,
Structural steel,safety check,sf.sw.hotwork.2,CRITICAL — blocks sign-off,Combustibles removed or covered within the whole spark radius,חומרים דליקים הוסרו או כוסו בכל רדיוס הניצוצות,المواد القابلة للاشتعال أُزيلت أو غُطّيت في كامل نطاق الشرر,,
Structural steel,safety check,sf.sw.hotwork.3,CRITICAL — blocks sign-off,Extinguisher within reach and somebody who can use it,מטף בהישג יד ואדם היודע להפעילו,طفاية بالمتناول وشخص يعرف استعمالها,,
Structural steel,safety check,sf.sw.hotwork.4,CRITICAL — blocks sign-off,Fire watch to continue for a full hour after work stops,שמירת אש תימשך שעה מלאה לאחר סיום העבודה,حراسة الحريق تستمر ساعة كاملة بعد توقّف العمل,,
Structural steel,safety check,sf.sw.hotwork.5,CRITICAL — blocks sign-off,Fume extraction or ventilation where welding galvanised steel,שאיבת אדים או אוורור בריתוך פלדה מגולוונת,شفط الأبخرة أو تهوية عند لحام الحديد المجلفن,,
Structural steel,checklist title,sf.sw.erect,must be done before work,Erecting steel,הקמת קונסטרוקציה,تركيب الهيكل الحديدي,,
Structural steel,safety check,sf.sw.erect.1,CRITICAL — blocks sign-off,Lift plan in place and the appointed person is on site,תוכנית הרמה קיימת והממונה נמצא באתר,خطة الرفع موجودة والمسؤول المعيّن في الموقع,,
Structural steel,safety check,sf.sw.erect.2,CRITICAL — blocks sign-off,Fall arrest anchored to something an engineer has accepted,רתמה מעוגנת לנקודה שמהנדס אישר,حزام السقوط مربوط بنقطة اعتمدها مهندس,,
Structural steel,safety check,sf.sw.erect.3,CRITICAL — blocks sign-off,Member is not released from the crane until it is fully bolted,האלמנט אינו משוחרר מהמנוף עד שהוברג במלואו,العنصر لا يُحرَّر من الرافعة حتى يُبرغى بالكامل,,
Structural steel,safety check,sf.sw.erect.4,,Bolts torqued to the specified figure and recorded,הברגים הודקו למומנט הנדרש והדבר נרשם,البراغي مشدودة للعزم المحدّد ومسجّلة,,
Masonry & blockwork,checklist title,sf.ms.wall,must be done before work,Building a wall,בניית קיר,بناء حائط,,
Masonry & blockwork,safety check,sf.ms.wall.1,CRITICAL — blocks sign-off,Freshly built wall propped or tied before it is left,קיר טרי נתמך או נקשר לפני עזיבתו,الحائط الجديد مدعوم أو مربوط قبل تركه,,
Masonry & blockwork,safety check,sf.ms.wall.2,CRITICAL — blocks sign-off,Block cutting done wet or with extraction,חיתוך בלוקים ברטוב או עם שאיבה,قص البلوك مبلّلاً أو بشفط,,
Masonry & blockwork,safety check,sf.ms.wall.3,CRITICAL — blocks sign-off,"Working platform used above 2 m, not the wall being built","פלטפורמת עבודה מעל 2 מ׳, לא הקיר הנבנה",منصة عمل فوق مترين، لا الحائط الجاري بناؤه,,
Masonry & blockwork,safety check,sf.ms.wall.4,,Blocks stacked at a height that will not topple,בלוקים מוערמים בגובה שאינו קורס,البلوك مكدّس بارتفاع لا ينهار,,
Masonry & blockwork,template name,tpl.ms.wall,,"Block wall, one room",קיר בלוקים לחדר אחד,حائط بلوك لغرفة واحدة,,
Masonry & blockwork,template description,tpl.ms.wall,,"Blockwork with ties, a lintel over every opening, propped until it has gone off.","בנייה עם מקשרים, משקוף מעל כל פתח, נתמכת עד להתקשות.",بناء مع روابط، عتب فوق كل فتحة، مدعوم حتى يشدّ.,,
Masonry & blockwork,template task,tpl.ms.wt.1,step 1,Set out and check the opening sizes against the joinery,סימון ובדיקת מידות הפתחים מול הנגרות,التعليم وفحص مقاسات الفتحات مقابل النجارة,,
Masonry & blockwork,template task,tpl.ms.wt.2,step 2,First course level — everything above follows it,נדבך ראשון מפולס — כל מה שמעליו הולך אחריו,المدماك الأول مستوٍ — كل ما فوقه يتبعه,,
Masonry & blockwork,template task,tpl.ms.wt.3,step 3,Build in ties to the structure as you go,שילוב מקשרים למבנה תוך כדי בנייה,تركيب الروابط بالهيكل أثناء البناء,,
Masonry & blockwork,template task,tpl.ms.wt.4,step 4,"Lintel over every opening, bearing both sides","משקוף מעל כל פתח, עם משען משני הצדדים",عتب فوق كل فتحة، مرتكز من الجهتين,,
Masonry & blockwork,template task,tpl.ms.wt.5,step 5,Prop and leave — do not load it the same day,תמיכה והשארה — לא להעמיס באותו יום,دعم وترك — لا تحميل في نفس اليوم,,
Low voltage & ELV,checklist title,sf.elv.mixed,must be done before work,Low voltage beside mains,מתח נמוך לצד מתח רשת,التيار الخفيف بجانب تيار الشبكة,,
Low voltage & ELV,safety check,sf.elv.mixed.1,CRITICAL — blocks sign-off,Data and mains segregated — the same trunking is not shared,תקשורת ומתח רשת מופרדים — אין שימוש באותה תעלה,الشبكة وتيار القوى مفصولان — لا يُستخدم نفس المجرى,,
Low voltage & ELV,safety check,sf.elv.mixed.2,CRITICAL — blocks sign-off,Any cable of unknown origin treated as live until proved otherwise,כל כבל שמקורו לא ידוע נחשב חי עד שיוכח אחרת,أي كابل مجهول المصدر يُعامل كحيّ حتى يُثبت العكس,,
Low voltage & ELV,safety check,sf.elv.mixed.3,CRITICAL — blocks sign-off,Fire-stopping made good at every wall and floor the cable passes,אטימת אש הושלמה בכל קיר ורצפה שהכבל עובר בהם,سدّ الحريق مُنجز عند كل حائط وأرضية يمر بها الكابل,,
Low voltage & ELV,safety check,sf.elv.mixed.4,,Fibre offcuts collected — a glass shard in a finger does not show on an X-ray,שאריות סיב נאספו — רסיס זכוכית באצבע אינו נראה בצילום,قصاصات الألياف مجموعة — شظية الزجاج في الإصبع لا تظهر بالأشعة,,
Low voltage & ELV,checklist title,sf.elv.commission,,Before a life-safety system is signed over,לפני מסירת מערכת בטיחות חיים,قبل تسليم منظومة سلامة الحياة,,
Low voltage & ELV,safety check,sf.elv.commission.1,CRITICAL — blocks sign-off,"Every detector, sounder and call point tested and the result recorded","כל גלאי, צופר ולחצן נבדקו והתוצאה נרשמה",كل كاشف وصفارة وزر مفحوص والنتيجة مسجّلة,,
Low voltage & ELV,safety check,sf.elv.commission.2,CRITICAL — blocks sign-off,"Cause and effect proved, not assumed from the panel display","סיבה ותוצאה הוכחו, לא הונחו מתצוגת הרכזת",السبب والنتيجة مُثبتان، لا مفترضان من شاشة اللوحة,,
Low voltage & ELV,safety check,sf.elv.commission.3,,Anybody who will use the system has been shown how,כל מי שישתמש במערכת קיבל הדרכה,كل من سيستخدم المنظومة تلقّى شرحاً,,
Low voltage & ELV,template name,tpl.elv.office,,"Office data and CCTV, one floor",תקשורת ומצלמות למשרד — קומה,شبكة وكاميرات لمكتب — طابق,,
Low voltage & ELV,template description,tpl.elv.office,,"Structured cabling back to one cabinet, plus cameras on the entries. Every run certified.","כבילה מובנית לארון אחד, ומצלמות בכניסות. כל מהלך מאושר בבדיקה.",كبلنة منظّمة إلى كابينة واحدة، مع كاميرات على المداخل. كل تمديد معتمد بفحص.,,
Low voltage & ELV,template task,tpl.elv.ot.1,step 1,Agree the cabinet position and its power before pulling anything,סיכום מיקום הארון והזנתו לפני משיכת כבלים,الاتفاق على موقع الكابينة وتغذيتها قبل سحب أي كابل,,
Low voltage & ELV,template task,tpl.elv.ot.2,step 2,"Pull cable, keeping data clear of mains",משיכת כבלים בהפרדה ממתח רשת,سحب الكابلات مع فصلها عن تيار القوى,,
Low voltage & ELV,template task,tpl.elv.ot.3,step 3,"Terminate both ends and label to a scheme, not from memory","חיבור שני הקצוות וסימון לפי שיטה, לא מהזיכרון",توصيل الطرفين والترقيم وفق نظام، لا من الذاكرة,,
Low voltage & ELV,template task,tpl.elv.ot.4,step 4,Certify every run and keep the printout,אישור כל מהלך ושמירת ההדפסה,اعتماد كل تمديد والاحتفاظ بالتقرير,,
Low voltage & ELV,template task,tpl.elv.ot.5,step 5,Fire-stop every wall and floor the cable passed through,אטימת אש בכל קיר ורצפה שהכבל עבר,سدّ الحريق في كل حائط وأرضية مرّ بها الكابل,,
Low voltage & ELV,template task,tpl.elv.ot.6,step 6,"Set up cameras and prove the recording, not just the picture","הגדרת מצלמות והוכחת ההקלטה, לא רק התמונה",ضبط الكاميرات وإثبات التسجيل، لا الصورة فقط,,
Waterproofing & insulation,checklist title,sf.wp.torch,must be done before work,Torch-on membrane,יריעה בהלחמה,الرول بالحرق,,
Waterproofing & insulation,safety check,sf.wp.torch.1,CRITICAL — blocks sign-off,Hot work permit issued and the fire watch arranged,היתר עבודה חמה הונפק ושמירת אש סודרה,تصريح شغل ساخن صادر وحراسة الحريق مرتّبة,,
Waterproofing & insulation,safety check,sf.wp.torch.2,CRITICAL — blocks sign-off,Nothing combustible in the roof build-up under the flame,אין חומר דליק בהרכב הגג מתחת ללהבה,لا مادة قابلة للاشتعال في تركيب السطح تحت اللهب,,
Waterproofing & insulation,safety check,sf.wp.torch.3,CRITICAL — blocks sign-off,"Gas bottles upright, secured, and outside when not in use","מיכלי גז זקופים, מאובטחים, ומחוץ למבנה כשאינם בשימוש",أسطوانات الغاز قائمة ومثبّتة وخارج المبنى عند عدم الاستعمال,,
Waterproofing & insulation,safety check,sf.wp.torch.4,CRITICAL — blocks sign-off,Roof edge protected — the membrane goes right to the fall,שפת הגג מוגנת — היריעה מגיעה עד לקצה,حافة السطح محمية — الرول يصل حتى الحافة,,
Waterproofing & insulation,safety check,sf.wp.torch.5,CRITICAL — blocks sign-off,Fire watch continues for a full hour after the torch goes out,שמירת אש נמשכת שעה מלאה אחרי כיבוי המבער,حراسة الحريق تستمر ساعة كاملة بعد إطفاء الشعّالة,,
Waterproofing & insulation,checklist title,sf.wp.tank,must be done before work,Coating inside a tank or a shaft,ציפוי בתוך מיכל או פיר,الطلاء داخل خزان أو بئر,,
Waterproofing & insulation,safety check,sf.wp.tank.1,CRITICAL — blocks sign-off,Confined space permit issued and an attendant is outside,היתר חלל מוקף הונפק ומשגיח נמצא בחוץ,تصريح حيّز مغلق صادر ومراقب في الخارج,,
Waterproofing & insulation,safety check,sf.wp.tank.2,CRITICAL — blocks sign-off,Atmosphere tested and forced ventilation running,האטמוספרה נבדקה ואוורור מאולץ פועל,الجو مفحوص والتهوية القسرية تعمل,,
Waterproofing & insulation,safety check,sf.wp.tank.3,CRITICAL — blocks sign-off,Solvent vapour is heavier than air and collects at the bottom — extraction is low,אדי ממס כבדים מאוויר ומצטברים בתחתית — השאיבה נמוכה,بخار المذيب أثقل من الهواء ويتجمّع في القاع — الشفط منخفض,,
Waterproofing & insulation,safety check,sf.wp.tank.4,CRITICAL — blocks sign-off,"No ignition source at all, lighting included","אין כל מקור הצתה, לרבות תאורה",لا مصدر إشعال إطلاقاً، بما في ذلك الإنارة,,
Waterproofing & insulation,template name,tpl.wp.roof,,"Flat roof, membrane and insulation",גג שטוח — יריעה ובידוד,سطح مستوٍ — رول وعزل,,
Waterproofing & insulation,template description,tpl.wp.roof,,"Primer, insulation, torch-on membrane, and a flood test before anything goes on top.","יסוד, בידוד, יריעה בהלחמה, ובדיקת הצפה לפני שמניחים משהו מעל.",برايمر، عزل، رول بالحرق، وفحص غمر قبل وضع أي شيء فوقه.,,
Waterproofing & insulation,template task,tpl.wp.rt.1,step 1,Sweep and prime — a membrane over dust is a membrane that lifts,ניקוי ויסוד — יריעה על אבק היא יריעה שמתרוממת,كنس وبرايمر — رول فوق غبار هو رول ينفصل,,
Waterproofing & insulation,template task,tpl.wp.rt.2,step 2,Check the falls actually reach the outlets,בדיקה ששיפועים מגיעים למחסומים,فحص أن الميول تصل فعلاً للمصارف,,
Waterproofing & insulation,template task,tpl.wp.rt.3,step 3,"Insulation, then membrane with laps the right way round","בידוד, ואז יריעה עם חפיפות בכיוון הנכון",عزل، ثم رول بتراكب في الاتجاه الصحيح,,
Waterproofing & insulation,template task,tpl.wp.rt.4,step 4,Upstands and outlets detailed before the field is finished,רולקות ומחסומים מפורטים לפני סיום השטח,الوزرات والمصارف مُفصَّلة قبل إنهاء المسطح,,
Waterproofing & insulation,template task,tpl.wp.rt.5,step 5,"Flood test 24 hours, then sign it off",בדיקת הצפה 24 שעות ואז אישור,فحص غمر 24 ساعة ثم الاعتماد,,
Plastering & screed,checklist title,sf.ps.cement,must be done before work,"Cement, lime and skin","מלט, סיד ועור",الإسمنت والجير والجلد,,
Plastering & screed,safety check,sf.ps.cement.1,CRITICAL — blocks sign-off,"Gloves worn — wet cement burns through skin over hours, painlessly at first","כפפות מורכבות — מלט רטוב כווה עור לאורך שעות, בתחילה ללא כאב",قفازات مرتداة — الإسمنت الرطب يحرق الجلد خلال ساعات، بلا ألم في البداية,,
Plastering & screed,safety check,sf.ps.cement.2,CRITICAL — blocks sign-off,Eye protection worn when mixing or spraying,מגן עיניים בעת ערבוב או התזה,واقي العينين عند الخلط أو الرش,,
Plastering & screed,safety check,sf.ps.cement.3,CRITICAL — blocks sign-off,Clean water available to wash cement off skin immediately,מים נקיים זמינים לשטיפת מלט מהעור מיד,ماء نظيف متوفر لغسل الإسمنت عن الجلد فوراً,,
Plastering & screed,safety check,sf.ps.cement.4,,"Bags lifted with two hands and knees, or moved on a barrow","שקים מורמים בשתי ידיים ובברכיים, או מועברים בעגלה",الأكياس تُرفع بيدين وركبتين، أو تُنقل بعربة,,
Plastering & screed,checklist title,sf.ps.spray,must be done before work,Render spray pump,משאבת התזת טיח,مضخة رش اللياسة,,
Plastering & screed,safety check,sf.ps.spray.1,CRITICAL — blocks sign-off,Hose and couplings checked for wear before pressurising,צינור ומחברים נבדקו לבלאי לפני העלאת לחץ,الخرطوم والوصلات مفحوصة للتآكل قبل الضغط,,
Plastering & screed,safety check,sf.ps.spray.2,CRITICAL — blocks sign-off,"Nobody in front of the nozzle, and it is never pointed at a person","אין איש מול הזרבובית, והיא אינה מכוונת לאדם",لا أحد أمام الفوهة، ولا تُوجّه نحو شخص أبداً,,
Plastering & screed,safety check,sf.ps.spray.3,CRITICAL — blocks sign-off,Pressure released before any blockage is cleared,הלחץ שוחרר לפני שחרור כל סתימה,الضغط مُفرَّغ قبل إزالة أي انسداد,,
Plastering & screed,template name,tpl.ps.room,,"Render and skim, one room",טיח ושפכטל לחדר אחד,لياسة ومعجون لغرفة واحدة,,
Plastering & screed,template description,tpl.ps.room,,"Base render over block, mesh at every junction of two materials, then a finish coat.","הרבצה על בלוק, רשת בכל מפגש בין שני חומרים, ואז שכבת גמר.",لياسة أساس على البلوك، شبك عند كل وصلة بين مادتين، ثم طبقة تشطيب.,,
Plastering & screed,template task,tpl.ps.rt.1,step 1,Key coat over anything smooth or dusty,יסוד הצמדה על כל משטח חלק או מאובק,طبقة ربط فوق أي سطح أملس أو مغبّر,,
Plastering & screed,template task,tpl.ps.rt.2,step 2,Mesh over every junction of two materials — that is where it cracks,רשת בכל מפגש בין שני חומרים — שם נסדק,شبك فوق كل وصلة بين مادتين — من هناك يتشقق,,
Plastering & screed,template task,tpl.ps.rt.3,step 3,Beads to every corner and reveal,פינות לכל זווית ומלבן,زوايا لكل ركن وفتحة,,
Plastering & screed,template task,tpl.ps.rt.4,step 4,Base coat and rule off flat,שכבת בסיס ויישור בסרגל,طبقة الأساس والتسوية بالقدّة,,
Plastering & screed,template task,tpl.ps.rt.5,step 5,Finish coat once the base has taken up,שכבת גמר לאחר התייצבות הבסיס,طبقة التشطيب بعد شدّ الأساس,,
Tiling & marble,checklist title,sf.tl.cutting,must be done before work,Cutting tile and stone,חיתוך אריחים ואבן,قص البلاط والحجر,,
Tiling & marble,safety check,sf.tl.cutting.1,CRITICAL — blocks sign-off,"Wet saw in use, or on-tool extraction where cutting dry","מסור רטוב בשימוש, או שאיבה על הכלי בחיתוך יבש",منشار مبلّل مستخدم، أو شفط على العدة عند القص الجاف,,
Tiling & marble,safety check,sf.tl.cutting.2,CRITICAL — blocks sign-off,Eye protection worn — a porcelain chip does not wait,מגן עיניים מורכב — רסיס פורצלן אינו ממתין,واقي العينين مرتدى — شظية البورسلان لا تنتظر,,
Tiling & marble,safety check,sf.tl.cutting.3,CRITICAL — blocks sign-off,Blade correct for the material and undamaged,הדיסק מתאים לחומר ואינו פגום,القرص مناسب للمادة وغير تالف,,
Tiling & marble,safety check,sf.tl.cutting.4,,Wet saw fed from an RCD-protected supply,המסור הרטוב מוזן ממקור מוגן ממסר פחת,المنشار المبلّل مغذّى من مصدر محمي بقاطع تسريب,,
Tiling & marble,checklist title,sf.tl.kneel,,Working on your knees all day,עבודה על הברכיים לאורך היום,العمل على الركبتين طوال اليوم,,
Tiling & marble,safety check,sf.tl.kneel.1,,Knee pads or a kneeling board in use,מגני ברכיים או לוח כריעה בשימוש,واقيات ركب أو لوح ركوع مستخدم,,
Tiling & marble,safety check,sf.tl.kneel.2,,Adhesive and grout handled in gloves — cement burns skin,דבק ורובה מטופלים בכפפות — מלט כווה עור,اللاصق والقصارة يُستعملان بقفازات — الإسمنت يحرق الجلد,,
Tiling & marble,safety check,sf.tl.kneel.3,,Area ventilated where epoxy grout or solvent is in use,האזור מאוורר בשימוש ברובה אפוקסי או ממס,المنطقة مهوّاة عند استعمال قصارة إيبوكسي أو مذيب,,
Tiling & marble,template name,tpl.tl.bathroom,,"Bathroom, floor and walls",חדר רחצה — רצפה וקירות,حمّام — أرضية وحيطان,,
Tiling & marble,template description,tpl.tl.bathroom,,"Wet-area waterproofing, then porcelain floor and ceramic walls, grouted and sealed.","איטום אזור רטוב, ואז רצפת פורצלן וקירות קרמיקה, רובה ואיטום.",عزل المنطقة الرطبة، ثم أرضية بورسلان وحيطان سيراميك، قصارة وإغلاق.,,
Tiling & marble,template task,tpl.tl.bt.1,step 1,Check the substrate is flat and the falls run to the drain,בדיקת מישוריות המצע ושיפועים למחסום,فحص استواء الأساس والميول باتجاه المصرف,,
Tiling & marble,template task,tpl.tl.bt.2,step 2,"Waterproof, taping every corner and wall-to-floor junction","איטום, עם סרט בכל פינה ומפגש קיר-רצפה",عزل مع شريط في كل زاوية ووصلة حيط-أرضية,,
Tiling & marble,template task,tpl.tl.bt.3,step 3,Flood test 24 hours and look at the ceiling below,בדיקת הצפה 24 שעות ובדיקת התקרה שמתחת,فحص غمر 24 ساعة والنظر للسقف تحته,,
Tiling & marble,template task,tpl.tl.bt.4,step 4,"Set out from the most visible corner, not the door","סימון מהפינה הבולטת ביותר, לא מהדלת",التعليم من الزاوية الأبرز، لا من الباب,,
Tiling & marble,template task,tpl.tl.bt.5,step 5,"Tile walls, then floor",ריצוף קירות ואז רצפה,تبليط الحيطان ثم الأرضية,,
Tiling & marble,template task,tpl.tl.bt.6,step 6,"Grout, then silicone every movement joint","רובה, ואז סיליקון בכל מישק תנועה",قصارة، ثم سيليكون في كل فاصل حركة,,
Drywall & gypsum,checklist title,sf.gb.access,must be done before work,Working above head height on boards,עבודה מעל גובה הראש בלוחות,العمل فوق مستوى الرأس بالألواح,,
Drywall & gypsum,safety check,sf.gb.access.1,CRITICAL — blocks sign-off,"Platform or tower in use, not a stack of boards or a bucket","פלטפורמה או מגדל בשימוש, לא ערימת לוחות או דלי",منصة أو برج مستخدم، لا كومة ألواح ولا دلو,,
Drywall & gypsum,safety check,sf.gb.access.2,CRITICAL — blocks sign-off,"Stilts permitted on this site, or not in use at all","קביים מותרים באתר הזה, או שאינם בשימוש כלל",الركائز مسموحة في هذا الموقع، أو غير مستخدمة إطلاقاً,,
Drywall & gypsum,safety check,sf.gb.access.3,CRITICAL — blocks sign-off,"Floor clear of offcuts, screws and cable underfoot","הרצפה נקייה משאריות, ברגים וכבלים",الأرضية خالية من القصاصات والبراغي والكابلات,,
Drywall & gypsum,safety check,sf.gb.access.4,,Ceiling boards lifted by two people or by a panel lifter,לוחות תקרה מורמים בשניים או במרים לוחות,ألواح السقف تُرفع باثنين أو برافعة ألواح,,
Drywall & gypsum,checklist title,sf.gb.services,must be done before work,Before cutting into a wall or ceiling,לפני חיתוך בקיר או בתקרה,قبل القص في حائط أو سقف,,
Drywall & gypsum,safety check,sf.gb.services.1,CRITICAL — blocks sign-off,"Cable and pipe positions confirmed, by drawing or by detector","מיקומי כבלים וצנרת אושרו, לפי תוכנית או גלאי",مواقع الكابلات والمواسير مؤكّدة، بمخطط أو بجهاز كشف,,
Drywall & gypsum,safety check,sf.gb.services.2,CRITICAL — blocks sign-off,Circuits in the area isolated where a cut could reach them,מעגלים באזור מנותקים היכן שחיתוך עלול להגיע אליהם,الدارات في المنطقة معزولة حيث قد يصلها القص,,
Drywall & gypsum,safety check,sf.gb.services.3,,Fire-rated construction identified so the right board goes back,בנייה עמידת אש זוהתה כדי שיוחזר הלוח הנכון,البناء المقاوم للحريق محدّد ليُعاد اللوح الصحيح,,
Drywall & gypsum,template name,tpl.gb.partition,,"Stud partition wall, one room",מחיצת גבס לחדר אחד,قاطع جبس لغرفة واحدة,,
Drywall & gypsum,template description,tpl.gb.partition,,"Metal stud partition with insulation, boarded both sides and taped ready for paint.","מחיצה על שלד מתכת עם בידוד, לוחות משני צדדים ורובה מוכנה לצבע.",قاطع على هيكل معدني مع عزل، ألواح من الجهتين ومعجون جاهز للدهان.,,
Drywall & gypsum,template task,tpl.gb.pt.1,step 1,Set out the line and check it against the drawing,סימון הקו ובדיקתו מול התוכנית,تعليم الخط وفحصه مقابل المخطط,,
Drywall & gypsum,template task,tpl.gb.pt.2,step 2,Fix track to floor and ceiling,קיבוע מסילה לרצפה ולתקרה,تثبيت المسار بالأرضية والسقف,,
Drywall & gypsum,template task,tpl.gb.pt.3,step 3,Stand studs at centres and check for plumb,העמדת פרופילים במרווחים ובדיקת אנך,نصب البروفيلات بالمسافات وفحص الشاقول,,
Drywall & gypsum,template task,tpl.gb.pt.4,step 4,"First side boarded, services run inside before closing","לוחות בצד ראשון, מערכות מותקנות לפני הסגירה",ألواح الجهة الأولى، المنظومات تُمدّ قبل الإغلاق,,
Drywall & gypsum,template task,tpl.gb.pt.5,step 5,"Insulation in, then the second side",בידוד פנימה ואז הצד השני,العزل بالداخل ثم الجهة الثانية,,
Drywall & gypsum,template task,tpl.gb.pt.6,step 6,"Tape, fill and sand ready for paint","רובה, שפכטל וליטוש לקראת צבע",معجون وشريط وصنفرة تحضيراً للدهان,,
Drywall & gypsum,template name,tpl.gb.ceiling,,"Suspended ceiling, one room",תקרה אקוסטית לחדר אחד,سقف معلّق لغرفة واحدة,,
Drywall & gypsum,template description,tpl.gb.ceiling,,Grid ceiling with access hatches where valves and dampers sit above it.,תקרת שלד עם דלתות שירות במקומות שבהם שסתומים ומדפים נמצאים מעליה.,سقف بشبكة مع فتحات صيانة حيث توجد المحابس والدامبرات فوقه.,,
Drywall & gypsum,template task,tpl.gb.ct.1,step 1,Mark the ceiling line at the finished height,סימון קו התקרה בגובה הסופי,تعليم خط السقف على الارتفاع النهائي,,
Drywall & gypsum,template task,tpl.gb.ct.2,step 2,Fix perimeter angle and hang the grid,קיבוע זווית היקפית ותליית השלד,تثبيت الزاوية المحيطة وتعليق الشبكة,,
Drywall & gypsum,template task,tpl.gb.ct.3,step 3,Level the grid across the whole room,פילוס השלד בכל החדר,تسوية الشبكة في كامل الغرفة,,
Drywall & gypsum,template task,tpl.gb.ct.4,step 4,Access hatch at every valve and damper above,דלת שירות בכל שסתום ומדף מעל,فتحة صيانة عند كل محبس ودامبر فوق,,
Drywall & gypsum,template task,tpl.gb.ct.5,step 5,"Lay tiles last, after the dust has stopped","הנחת אריחים אחרונה, אחרי שהאבק פסק",وضع البلاطات أخيراً بعد توقّف الغبار,,
Stonework & cladding,checklist title,sf.st.silica,must be done before work,Silica dust before cutting stone,אבק צורן לפני חיתוך אבן,غبار السيليكا قبل قص الحجر,,
Stonework & cladding,safety check,sf.st.silica.1,CRITICAL — blocks sign-off,Water suppression or on-tool extraction fitted and working,דיכוי במים או שאיבה על הכלי מותקנים ופועלים,الترطيب بالماء أو الشفط على العدة مركّب ويعمل,,
Stonework & cladding,safety check,sf.st.silica.2,CRITICAL — blocks sign-off,Every person in the cutting area wearing a fitted P3 respirator,כל אדם באזור החיתוך חובש מסכת P3 מותאמת,كل شخص في منطقة القص يرتدي كمامة P3 مُقاسة,,
Stonework & cladding,safety check,sf.st.silica.3,CRITICAL — blocks sign-off,Dry cutting not being used where a wet or extracted method exists,אין חיתוך יבש היכן שקיימת שיטה רטובה או עם שאיבה,لا يُستخدم القص الجاف حيث توجد طريقة مبلّلة أو بشفط,,
Stonework & cladding,safety check,sf.st.silica.4,,"Cutting area separated from other trades, or they have stopped","אזור החיתוך מופרד מבעלי מקצוע אחרים, או שהם הפסיקו",منطقة القص معزولة عن باقي المهن، أو أنهم توقّفوا,,
Stonework & cladding,safety check,sf.st.silica.5,,"Slurry and dust cleared wet, never swept dry","בוצה ואבק נוקו ברטוב, לעולם לא בטאטוא יבש",الطين والغبار يُنظّفان مبلّلين، لا يُكنسان جافّين,,
Stonework & cladding,checklist title,sf.st.facade,must be done before work,Fixing stone to a facade,עיגון אבן לחזית,تثبيت الحجر على الواجهة,,
Stonework & cladding,safety check,sf.st.facade.1,CRITICAL — blocks sign-off,Mechanical anchors specified by the engineer are the ones on site,העוגנים המכניים שנקבעו על ידי המהנדס הם אלה שבאתר,المثبّتات الميكانيكية التي حدّدها المهندس هي الموجودة في الموقع,,
Stonework & cladding,safety check,sf.st.facade.2,CRITICAL — blocks sign-off,No stone relying on mortar alone to stay on the building,אין אבן הנשענת על טיט בלבד כדי להישאר על המבנה,لا يوجد حجر يعتمد على المونة وحدها ليبقى على المبنى,,
Stonework & cladding,safety check,sf.st.facade.3,CRITICAL — blocks sign-off,"Exclusion zone below the working face, and it is manned or barriered","אזור אסור מתחת לחזית העבודה, מאויש או מגודר",منطقة محظورة تحت واجهة العمل، مأهولة أو مسيّجة,,
Stonework & cladding,safety check,sf.st.facade.4,,Vacuum lifter tested on the day and its seal checked,מרים ואקום נבדק ביום העבודה ואטמו נבדק,رافعة الشفط مفحوصة اليوم وجلدتها مفحوصة,,
Stonework & cladding,safety check,sf.st.facade.5,,Weather checked: wind speed within the lifter's stated limit,מזג האוויר נבדק: מהירות הרוח בתחום המותר למרים,الطقس مفحوص: سرعة الرياح ضمن حد الرافعة المعلن,,
Stonework & cladding,template name,tpl.st.facade,,"Stone cladding, one elevation",חיפוי אבן לחזית אחת,تحجير واجهة واحدة,,
Stonework & cladding,template description,tpl.st.facade,,"Mechanically anchored stone with a pointed joint, sealed after the mortar has cured.","אבן מעוגנת מכנית עם מישק, אטומה לאחר התקשות הטיט.",حجر مثبّت ميكانيكياً بفاصل مقصور، يُغلق بعد شدّ المونة.,,
Stonework & cladding,template task,tpl.st.ft.1,step 1,"Survey the wall — stone hides nothing, it follows what is behind it","מדידת הקיר — אבן אינה מסתירה דבר, היא הולכת אחרי מה שמאחוריה",مسح الحائط — الحجر لا يخفي شيئاً، يتبع ما خلفه,,
Stonework & cladding,template task,tpl.st.ft.2,step 2,"Set out courses from the openings, not from the ground","סימון נדבכים מהפתחים, לא מהקרקע",تعليم المداميك من الفتحات، لا من الأرض,,
Stonework & cladding,template task,tpl.st.ft.3,step 3,Drill and fix anchors to the engineer's spacing,קדיחה וקיבוע עוגנים במרווחים שקבע המהנדס,ثقب وتثبيت المثبّتات بالمسافات التي حدّدها المهندس,,
Stonework & cladding,template task,tpl.st.ft.4,step 4,"Hang stone, checking plumb every course",תליית אבן ובדיקת אנך בכל נדבך,تعليق الحجر وفحص الشاقول كل مدماك,,
Stonework & cladding,template task,tpl.st.ft.5,step 5,Point the joints once the anchors have taken the load,מילוי מישקים לאחר שהעוגנים נושאים את העומס,قصر الفواصل بعد أن تحمل المثبّتات الوزن,,
Stonework & cladding,template task,tpl.st.ft.6,step 6,"Seal, and only once the wall is dry through","אטימה, ורק כשהקיר יבש לעומק",الإغلاق، وفقط عندما يجفّ الحائط للعمق,,
Aluminium & glazing,checklist title,sf.al.glass,must be done before work,Handling glass,טיפול בזכוכית,التعامل مع الزجاج,,
Aluminium & glazing,safety check,sf.al.glass.1,CRITICAL — blocks sign-off,Suction lifter tested on the day and its seals checked,מרים ואקום נבדק ביום העבודה ואטמיו נבדקו,رافعة الشفط مفحوصة اليوم وجلدها مفحوص,,
Aluminium & glazing,safety check,sf.al.glass.2,CRITICAL — blocks sign-off,Cut-resistant gloves and arm protection worn,כפפות עמידות חיתוך ומגן זרוע,قفازات مقاومة للقطع وواقي ذراع,,
Aluminium & glazing,safety check,sf.al.glass.3,CRITICAL — blocks sign-off,Nobody below the opening while a pane is being placed,אין איש מתחת לפתח בעת הצבת זכוכית,لا أحد تحت الفتحة أثناء تركيب اللوح,,
Aluminium & glazing,safety check,sf.al.glass.4,CRITICAL — blocks sign-off,Edge protection stays until the frame and glass are both fixed,הגנת קצה נשארת עד שהמסגרת והזכוכית מקובעות,حماية الحافة تبقى حتى تُثبّت الحلقة والزجاج,,
Aluminium & glazing,safety check,sf.al.glass.5,,Wind checked — a pane is a sail,הרוח נבדקה — לוח זכוכית הוא מפרש,الرياح مفحوصة — لوح الزجاج شراع,,
Aluminium & glazing,template name,tpl.al.windows,,"Aluminium windows, one flat",חלונות אלומיניום לדירה,شبابيك ألمنيوم لشقة,,
Aluminium & glazing,template description,tpl.al.windows,,"Double-glazed units set, sealed and tested against water before the plaster closes them in.","יחידות בידודיות מותקנות, אטומות ונבדקות למים לפני שהטיח סוגר אותן.",وحدات دبل مركّبة ومعزولة ومفحوصة ضد الماء قبل أن تغلقها اللياسة.,,
Aluminium & glazing,template task,tpl.al.wt.1,step 1,Check every opening against the survey before anything is made,בדיקת כל פתח מול המדידה לפני הייצור,فحص كل فتحة مقابل المسح قبل التصنيع,,
Aluminium & glazing,template task,tpl.al.wt.2,step 2,"Set frames plumb and square, packed not forced","התקנת מסגרות באנך ובזווית, מרופדות ולא בכוח",تركيب الحلقات بشاقول وزاوية، مبطّنة لا مضغوطة,,
Aluminium & glazing,template task,tpl.al.wt.3,step 3,Seal the perimeter outside before the inside is closed,איטום היקפי מבחוץ לפני סגירת הפנים,عزل المحيط من الخارج قبل إغلاق الداخل,,
Aluminium & glazing,template task,tpl.al.wt.4,step 4,Hose test each opening and watch the inside face,בדיקת מים בכל פתח עם התבוננות בצד הפנימי,فحص بالماء لكل فتحة مع مراقبة الوجه الداخلي,,
Aluminium & glazing,template task,tpl.al.wt.5,step 5,"Glaze last, and protect the units from the trades that follow","זיגוג אחרון, והגנה על היחידות מבעלי המקצוע הבאים",التزجيج أخيراً، وحماية الوحدات من المهن التالية,,
Metalwork & balustrades,checklist title,sf.mw.grind,must be done before work,Grinding and cutting metal,השחזה וחיתוך מתכת,الجلخ وقص المعدن,,
Metalwork & balustrades,safety check,sf.mw.grind.1,CRITICAL — blocks sign-off,Guard fitted and not removed for convenience,המגן מותקן ולא הוסר לנוחות,الواقي مركّب ولم يُزل للراحة,,
Metalwork & balustrades,safety check,sf.mw.grind.2,CRITICAL — blocks sign-off,Disc rated above the tool's speed and free of cracks,הדיסק מדורג מעל מהירות הכלי ונקי מסדקים,القرص مصنّف فوق سرعة العدة وخالٍ من الشقوق,,
Metalwork & balustrades,safety check,sf.mw.grind.3,CRITICAL — blocks sign-off,"Face shield over goggles, not instead of them","מגן פנים מעל משקפי מגן, לא במקומם",واقي وجه فوق النظارات، لا بدلاً عنها,,
Metalwork & balustrades,safety check,sf.mw.grind.4,,"Sparks are not falling onto anybody, anything stored, or a lower floor","ניצוצות אינם נופלים על אדם, על חומר מאוחסן או לקומה נמוכה",الشرر لا يسقط على شخص أو مادة مخزّنة أو طابق أسفل,,
Metalwork & balustrades,checklist title,sf.mw.balustrade,must be done before work,Balustrade and edge protection,מעקה והגנת קצה,الدرابزين وحماية الحافة,,
Metalwork & balustrades,safety check,sf.mw.balustrade.1,CRITICAL — blocks sign-off,Temporary edge protection stays up until the permanent rail is fixed,הגנת קצה זמנית נשארת עד שהמעקה הקבוע מקובע,حماية الحافة المؤقتة تبقى حتى يُثبّت الدرابزين الدائم,,
Metalwork & balustrades,safety check,sf.mw.balustrade.2,CRITICAL — blocks sign-off,"Fixings into concrete are the specified anchor, not a plug and screw","העיגון לבטון הוא העוגן שנקבע, לא פלסטיק ובורג",التثبيت في الباطون هو المثبّت المحدّد، لا فيشر وبرغي,,
Metalwork & balustrades,safety check,sf.mw.balustrade.3,,Gap between uprights and below the rail checked against the drawing,המרווח בין העמודים ומתחת למאחז נבדק מול התוכנית,الفراغ بين القوائم وتحت المسكة مفحوص مقابل المخطط,,
Firefighting systems,checklist title,sf.ff.pressure,must be done before work,Pressure testing a sprinkler main,בדיקת לחץ בקו כיבוי,فحص ضغط خط الإطفاء,,
Firefighting systems,safety check,sf.ff.pressure.1,CRITICAL — blocks sign-off,Area cleared of everybody who does not need to be there,האזור פונה מכל מי שאינו נדרש,المنطقة أُخليت من كل من لا حاجة لوجوده,,
Firefighting systems,safety check,sf.ff.pressure.2,CRITICAL — blocks sign-off,Pressure released fully before any joint is touched,הלחץ שוחרר במלואו לפני נגיעה בחיבור,الضغط مُفرَّغ بالكامل قبل لمس أي وصلة,,
Firefighting systems,safety check,sf.ff.pressure.3,CRITICAL — blocks sign-off,"Test held for the full period with no drop, and the result recorded","הבדיקה הוחזקה למשך המלא ללא ירידה, והתוצאה נרשמה",الفحص محفوظ للمدة الكاملة دون هبوط، والنتيجة مسجّلة,,
Firefighting systems,safety check,sf.ff.pressure.4,CRITICAL — blocks sign-off,Ceilings not closed over any joint that has not held,התקרות אינן נסגרות מעל חיבור שלא עמד בבדיקה,الأسقف لا تُغلق فوق أي وصلة لم تنجح,,
Firefighting systems,checklist title,sf.ff.impair,must be done before work,Taking a fire system out of service,הוצאת מערכת כיבוי משירות,إخراج منظومة الإطفاء من الخدمة,,
Firefighting systems,safety check,sf.ff.impair.1,CRITICAL — blocks sign-off,"Building occupier told before the system goes off, not after","מחזיק המבנה יודע לפני ההשבתה, לא אחריה",شاغل المبنى مُبلَّغ قبل الإيقاف، لا بعده,,
Firefighting systems,safety check,sf.ff.impair.2,CRITICAL — blocks sign-off,"Time out of service recorded, and a person named to put it back",זמן ההשבתה נרשם ואדם מוגדר אחראי להחזרה,وقت الإيقاف مسجّل وشخص محدّد مسؤول عن الإعادة,,
Firefighting systems,safety check,sf.ff.impair.3,CRITICAL — blocks sign-off,A fire watch covers the area while the system is down,שמירת אש מכסה את האזור בזמן ההשבתה,حراسة حريق تغطي المنطقة أثناء الإيقاف,,
Firefighting systems,template name,tpl.ff.sprinkler,,"Sprinkler zone, one floor",אזור ספרינקלרים — קומה,منطقة رشاشات — طابق,,
Firefighting systems,template description,tpl.ff.sprinkler,,"Steel main and branches, pressure tested and signed before any ceiling closes over it.","קו ראשי וסעיפים בפלדה, בדיקת לחץ ואישור לפני סגירת תקרה.",خط رئيسي وتفريعات حديد، فحص ضغط واعتماد قبل إغلاق أي سقف.,,
Firefighting systems,template task,tpl.ff.st.1,step 1,Coordinate the route with ducts and trays before cutting steel,תיאום המסלול עם תעלות ומגשים לפני חיתוך פלדה,تنسيق المسار مع الدكت والترايات قبل قص الحديد,,
Firefighting systems,template task,tpl.ff.st.2,step 2,Hang the main with supports at the spacing the standard sets,תליית הקו הראשי בתמיכות במרווח שהתקן קובע,تعليق الخط الرئيسي بحوامل بالمسافة التي تحددها المواصفة,,
Firefighting systems,template task,tpl.ff.st.3,step 3,Branch out and set head positions against the ceiling grid,הסתעפות וקביעת מיקומי ראשים מול שלד התקרה,التفريع وضبط مواقع الرؤوس مقابل شبكة السقف,,
Firefighting systems,template task,tpl.ff.st.4,step 4,Pressure test and hold it for the full period,בדיקת לחץ והחזקה למשך המלא,فحص الضغط والاحتفاظ به للمدة الكاملة,,
Firefighting systems,template task,tpl.ff.st.5,step 5,"Sign it off, then let the ceiling close","אישור, ורק אז סגירת התקרה",الاعتماد، وعندها فقط يُغلق السقف,,
Elevators & escalators,checklist title,sf.lf.shaft,must be done before work,Working in a lift shaft,עבודה בפיר מעלית,العمل في بئر المصعد,,
Elevators & escalators,safety check,sf.lf.shaft.1,CRITICAL — blocks sign-off,Power to the machine locked off with a personal padlock,המתח למכונה ננעל במנעול אישי,التيار عن الماكينة مقفل بقفل شخصي,,
Elevators & escalators,safety check,sf.lf.shaft.2,CRITICAL — blocks sign-off,"Landing doors barriered and signed on every floor, not just this one","דלתות הפיר מגודרות ומסומנות בכל קומה, לא רק בזו",أبواب الطوابق مسيّجة ومعلّمة في كل طابق، لا هذا فقط,,
Elevators & escalators,safety check,sf.lf.shaft.3,CRITICAL — blocks sign-off,"Fall arrest anchored above, and the pit refuge space is clear",רתמה מעוגנת מלמעלה ומרחב המפלט בבור פנוי,حزام السقوط مربوط من أعلى ومساحة الملجأ في الحفرة خالية,,
Elevators & escalators,safety check,sf.lf.shaft.4,CRITICAL — blocks sign-off,Nobody working above anybody else in the same shaft,אין עבודה של אדם מעל אדם אחר באותו פיר,لا أحد يعمل فوق آخر في نفس البئر,,
Elevators & escalators,safety check,sf.lf.shaft.5,,Lighting and communication to the outside both working,תאורה ותקשורת החוצה פועלות,الإنارة والاتصال للخارج يعملان,,
Landscape & paving,checklist title,sf.ls.plant,must be done before work,Plant and people in the same space,ציוד ואנשים באותו מרחב,المعدات والناس في نفس المساحة,,
Landscape & paving,safety check,sf.ls.plant.1,CRITICAL — blocks sign-off,Pedestrian route separated from where plant is moving,מסלול הולכי רגל מופרד מתנועת הציוד,مسار المشاة مفصول عن حركة المعدات,,
Landscape & paving,safety check,sf.ls.plant.2,CRITICAL — blocks sign-off,High-visibility clothing worn by everybody in the area,ביגוד זוהר על כל מי שבאזור,ملابس عاكسة على كل من في المنطقة,,
Landscape & paving,safety check,sf.ls.plant.3,CRITICAL — blocks sign-off,Operator and banksman have agreed signals and can see each other,המפעיל והמאותת סיכמו סימנים ורואים זה את זה,المشغّل والموجّه اتفقا على الإشارات ويريان بعضهما,,
Landscape & paving,safety check,sf.ls.plant.4,,Compactor operated with both hands and steel-toed boots on,המהדק מופעל בשתי ידיים ועם נעלי בטיחות,الدكّاكة تُشغّل بيدين ومع حذاء أمان,,
General construction,checklist title,sf.ge.height,must be done before work,Work at height and fall protection,עבודה בגובה ומניעת נפילה,العمل على ارتفاع ومنع السقوط,,
General construction,safety check,sf.ge.ht.1,CRITICAL — blocks sign-off,Every worker above 2 m holds a valid work-at-height certificate,לכל עובד מעל 2 מ׳ יש הסמכת עבודה בגובה בתוקף,كل عامل فوق 2 م يحمل شهادة عمل على ارتفاع سارية,,
General construction,safety check,sf.ge.ht.2,CRITICAL — blocks sign-off,"Edge protection, guard rail or toe board fitted at every open edge","הגנת קצה, מעקה או לוח רגל בכל קצה פתוח",حماية الحافة أو درابزين أو لوح قدم عند كل حافة مفتوحة,,
General construction,safety check,sf.ge.ht.3,CRITICAL — blocks sign-off,Harness inspected and clipped to a verified anchor point,הרתמה נבדקה ומחוברת לנקודת עיגון מאומתת,تم فحص الحزام وربطه بنقطة تثبيت متحقّق منها,,
General construction,safety check,sf.ge.ht.4,CRITICAL — blocks sign-off,"Floor openings covered and marked, or fenced","פתחים ברצפה מכוסים ומסומנים, או מגודרים",فتحات الأرضية مغطّاة ومُعلَّمة أو مسيَّجة,,
General construction,safety check,sf.ge.ht.5,,Rescue plan agreed before anyone goes up,תוכנית חילוץ סוכמה לפני שמישהו עולה,تم الاتفاق على خطة إنقاذ قبل صعود أي شخص,,
General construction,checklist title,sf.ge.scaffold,must be done before work,Scaffolding,פיגומים,السقالات,,
General construction,safety check,sf.ge.sc.1,CRITICAL — blocks sign-off,Scaffold erected by a competent person and tagged as inspected,הפיגום הוקם בידי אדם מוסמך ותויג כנבדק,السقالة رُكّبت بواسطة شخص مؤهل ووُسمت كمفحوصة,,
General construction,safety check,sf.ge.sc.2,CRITICAL — blocks sign-off,Base plates on firm ground; scaffold tied to the structure,לוחיות בסיס על קרקע יציבה; הפיגום קשור למבנה,ألواح القاعدة على أرض ثابتة؛ السقالة مربوطة بالمبنى,,
General construction,safety check,sf.ge.sc.3,CRITICAL — blocks sign-off,Platform fully boarded with guard rail and toe board,המשטח מרוצף במלואו עם מעקה ולוח רגל,المنصّة مغطاة بالكامل مع درابزين ولوح قدم,,
General construction,safety check,sf.ge.sc.4,,"Re-inspected after storm, alteration or seven days","נבדק מחדש אחרי סערה, שינוי או שבעה ימים",يُعاد الفحص بعد العاصفة أو التعديل أو سبعة أيام,,
General construction,checklist title,sf.ge.site,must be done before work,Site induction and PPE,תדריך אתר וציוד מגן אישי,تعريف الموقع ومعدات الوقاية,,
General construction,safety check,sf.ge.st.1,CRITICAL — blocks sign-off,Site manager appointed and present as required,מנהל עבודה מונה ונוכח כנדרש,مدير عمل مُعيَّن وحاضر كما هو مطلوب,,
General construction,safety check,sf.ge.st.2,CRITICAL — blocks sign-off,"Helmet, safety boots and hi-vis vest worn by everyone on site","קסדה, נעלי בטיחות ואפוד זוהר על כל אדם באתר",الخوذة وحذاء الأمان والسترة العاكسة على كل شخص في الموقع,,
General construction,safety check,sf.ge.st.3,CRITICAL — blocks sign-off,Safety briefing given in a language every worker understands,תדריך בטיחות נמסר בשפה שכל עובד מבין,تم تقديم إحاطة السلامة بلغة يفهمها كل عامل,,
General construction,safety check,sf.ge.st.4,,First aid kit and extinguisher located and known to all,ערכת עזרה ראשונה ומטף אותרו וידועים לכולם,حقيبة الإسعاف والطفاية محدّدتان ومعروفتان للجميع,,
General construction,safety check,sf.ge.st.5,,Emergency numbers and the site address posted at the entrance,מספרי חירום וכתובת האתר תלויים בכניסה,أرقام الطوارئ وعنوان الموقع معلّقة عند المدخل,,
General construction,checklist title,sf.ge.excavation,,Excavation and buried services,חפירה ותשתיות תת־קרקעיות,الحفر والبنى التحتية المدفونة,,
General construction,safety check,sf.ge.ex.1,CRITICAL — blocks sign-off,Utility drawings obtained and the ground scanned before digging,תוכניות תשתית התקבלו והקרקע נסרקה לפני חפירה,تم الحصول على مخططات البنى التحتية ومسح الأرض قبل الحفر,,
General construction,safety check,sf.ge.ex.2,CRITICAL — blocks sign-off,"Trench over 1.2 m shored, battered or benched","תעלה מעל 1.2 מ׳ נתמכת, משופעת או מדורגת",الخندق فوق 1.2 م مدعوم أو مائل أو مدرّج,,
General construction,safety check,sf.ge.ex.3,CRITICAL — blocks sign-off,Edges barriered and spoil kept back from the edge,הקצוות מגודרים והחומר החפור מורחק מהקצה,الحواف مسيَّجة والأتربة مُبعدة عن الحافة,,
General construction,safety check,sf.ge.ex.4,,Safe access ladder within 8 m of any working position,סולם גישה בטוח בטווח 8 מ׳ מכל עמדת עבודה,سلّم وصول آمن ضمن 8 م من كل موقع عمل,,
General construction,template name,tpl.ge.partition,,Block partition wall,מחיצת בלוקים,جدار قواطع بلوك,,
General construction,template description,tpl.ge.partition,,"Build, plaster and prepare a partition for painting.","בנייה, טיח והכנה לצביעה של מחיצה.",بناء وقصارة وتحضير جدار للدهان.,,
General construction,template task,tpl.ge.pt.1,step 1,Set out the wall line and check services,סימון קו הקיר ובדיקת תשתיות,تعليم خط الجدار وفحص البنى التحتية,,
General construction,template task,tpl.ge.pt.2,step 2,Lay blocks to line and level,בניית בלוקים לפי קו ופלס,بناء البلوك حسب الخط والميزان,,
General construction,template task,tpl.ge.pt.3,step 3,Fix beads and apply base plaster,התקנת פינות וביצוע טיח,تركيب الزوايا وتنفيذ القصارة,,
General construction,template task,tpl.ge.pt.4,step 4,"Cure, check flatness, hand over to the painter","אשפרה, בדיקת מישוריות ומסירה לצבע",المعالجة وفحص الاستواء والتسليم للدهان,,
General construction,template name,tpl.ge.wetroom,,Wet room waterproofing and tiling,איטום וריצוף חדר רטוב,عزل وتبليط غرفة رطبة,,
General construction,template description,tpl.ge.wetroom,,"Waterproof, flood test and tile a bathroom floor and walls.","איטום, בדיקת הצפה וריצוף רצפה וקירות חדר רחצה.",عزل واختبار غمر وتبليط أرضية وجدران الحمّام.,,
General construction,template task,tpl.ge.wr.1,step 1,Prepare and prime the substrate,הכנת התשתית ויסוד,تحضير الأرضية والأساس,,
General construction,template task,tpl.ge.wr.2,step 2,Apply two waterproofing coats with corner tape,שתי שכבות איטום עם סרט פינות,طبقتا عزل مع شريط الزوايا,,
General construction,template task,tpl.ge.wr.3,step 3,Flood test 24 hours and photograph the result,בדיקת הצפה 24 שעות ותיעוד בתמונה,اختبار غمر 24 ساعة وتوثيق النتيجة بصورة,,
General construction,template task,tpl.ge.wr.4,step 4,"Tile floor to falls, then walls",ריצוף לפי שיפועים ואז חיפוי קירות,تبليط الأرضية حسب الميول ثم الجدران,,
General construction,template task,tpl.ge.wr.5,step 5,"Grout, seal junctions and clean down","רובה, איטום מפגשים וניקיון",الروبة وعزل الفواصل والتنظيف,,
